"Rank","Player","Team","Bye","POS","ESPN","Sleeper","NFL","RTSports","FFC","AVG"
"1","Todd Gurley II","","","RB1","1","","","1","","1.0"
"2","Le'Veon Bell ","","","RB2","2","","","3","","2.4"
"3","David Johnson","","","RB3","3","","","2","","2.6"
"4","Ezekiel Elliott","NE","11","RB4","4","","","4","","4.0"
"5","Antonio Brown","","","WR1","5","","","6","","5.2"
"6","Alvin Kamara","NO","6","RB5","7","","","5","","6.2"
"7","Saquon Barkley","NYG","9","RB6","6","","","7","","6.6"
"8","DeAndre Hopkins","TEN","8","WR2","9","","","10","","8.8"
"9","Leonard Fournette","","","RB7","12","","","9","","10.0"
"10","Kareem Hunt","CLE","11","RB8","11","","","8","","10.2"
"11","dell Beckham Jr.","BAL","10 O","WR3","10","","","12","","11.0"
"12","Melvin Gordon III","BAL","10","RB9","14","","","11","","11.2"
"13","Julio Jones","PHI","9","WR4","8","","","14","","12.6"
"14","Dalvin Cook","BAL","10","RB10","13","","","15","","14.2"
"15","Christian McCaffrey","SF","11","RB11","16","","","13","","14.8"
"16","Michael Thomas","NO","6","WR5","17","","","16","","15.8"
"17","Keenan Allen","LAC","8","WR6","15","","","17","","16.4"
"18","Davante Adams","LV","","WR7","21","","","19","","18.8"
"19","Devonta Freeman","","","RB12","20","","","18","","19.2"
"20","A.J. Green ","","","WR8","19","","","21","","20.2"
"21","Rob Gronkowski","","","TE1","18","","","20","","20.6"
"22","Mike Evans","TB","5","WR9","23","","","24","","23.4"
"23","Jordan Howard","","","RB13","26","","","23","","23.6"
"24","Joe Mixon","CIN","9","RB14","27","","","22","","23.8"
"25","Travis Kelce","KC","12","TE2","25","","","26","","26.6"
"26","LeSean McCoy","","","RB15","24","","","28","","26.8"
"27","Tyreek Hill","MIA","11","WR10","31","","","25","","26.8"
"28","Aaron Rodgers","NYJ","11","QB1","22","","","30","","28.2"
"29","T.Y. Hilton","","","WR11","29","","","27","","28.2"
"30","Stefon Diggs","BUF","11","WR12","32","","","32","","29.8"
"31","Adam Thielen","CAR","4","WR13","34","","","29","","31.8"
"32","Larry Fitzgerald","","","WR14","30","","","37","","33.6"
"33","Kenyan Drake","","","RB16","35","","","31","","34.4"
"34","Amari Cooper","CLE","11","WR15","36","","","35","","34.6"
"35","Zach Ertz","DET","6","TE3","33","","","34","","35.0"
"36","Doug Baldwin","","","WR16","39","","","39","","37.0"
"37","Alex Collins ","","","RB17","43","","","33","","37.4"
"38","Jarvis Landry","","","WR17","40","","","36","","38.4"
"39","Royce Freeman","LAR","12","RB18","37","","","38","","41.2"
"40","Derrick Henry","TEN","8","RB19","42","","","41","","42.2"
"41","Demaryius Thomas ","","","WR18","38","","","45","","43.2"
"42","Jay Ajayi ","","","RB20","44","","","40","","43.8"
"43","JuJu Smith-Schuster","NE","11","WR19","51","","","42","","44.0"
"44","Brandin Cooks","DAL","8","WR20","47","","","44","","45.4"
"45","Golden Tate","","","WR21","45","","","43","","45.8"
"46","Lamar Miller","","","RB21","57","","","46","","46.8"
"47","Tom Brady","","","QB2","28","","","57","","47.8"
"48","Deshaun Watson","CLE","11","QB3","50","","","47","","47.8"
"49","Allen Robinson II","PIT","7","WR22","41","","","51","","48.0"
"50","Josh Gordon ","","","WR23","49","","","52","","48.6"
"51","Mark Ingram II ","","","RB22","60","","","48","","52.2"
"52","Russell Wilson","DEN","10","QB4","53","","","56","","54.4"
"53","Jimmy Graham","NO","6","TE4","56","","","50","","54.4"
"54","Marvin Jones Jr. ","","","WR24","55","","","53","","54.8"
"55","Chris Hogan","","","WR25","54","","","54","","55.0"
"56","Greg lsen O","","","TE5","48","","","58","","56.4"
"57","Dion Lewis","","","RB23","58","","","49","","56.4"
"58","Marshawn Lynch ","","","RB24","52","","","68","","61.4"
"59","Cam Newton ","","","QB5","46","","","65","","63.4"
"60","Corey Davis","","","WR26","70","","","60","","63.6"
"61","Carlos Hyde","","","RB25","75","","","59","","65.8"
"62","Michael Crabtree","","","WR27","61","","","71","","66.4"
"63","Evan Engram","JAC","9","TE6","62","","","75","","66.4"
"64","Marquise Goodwin","CLE","11","WR28","67","","","55","","67.0"
"65","Emmanuel Sanders ","","","WR29","63","","","67","","67.0"
"66","Rex Burkhead","","","RB26","66","","","66","","69.8"
"67","Drew Brees","","","QB6","69","","","76","","71.4"
"68","Tevin Coleman","","","RB27","72","","","69","","71.8"
"69","Julian Edelman ","","","WR30","91","","","70","","72.2"
"70","Delanie Walker ","","","TE7","59","","","78","","73.0"
"71","Alshon Jeffery","","","WR31","88","","","83","","73.4"
"72","Kyle Rudolph","","","TE8","71","","","81","","77.2"
"73","Kerryon Johnson ","","","RB28","107","","","72","","77.8"
"74","Jamaal Williams","NO","6","RB29","98","","","79","","78.0"
"75","William Fuller V ","","","WR32","92","","","63","","79.8"
"76","Sammy Watkins","","","WR33","74","","","94","","80.2"
"77","Carson Wentz","LAR","12 ","QB7","73","","","88","","81.2"
"78","Robert Woods","HOU","10","WR34","64","","","93","","82.4"
"79","Sony Michel","","","RB30","125","","","77","","82.8"
"80","Devin Funchess","","","WR35","77","","","92","","82.8"
"81","Rashaad Penny","PHI","9","RB31","112","","","90","","83.6"
"82","Jordan Reed ","","","TE9","79","","","64","","84.6"
"83","Cooper Kupp","LAR","12 ","WR36","89","","","91","","85.0"
"84","Trey Burton ","","","TE10","111","","","82","","85.6"
"85","Tarik Cohen","CAR","4","RB32","105","","","84","","85.6"
"86","Duke Johnson Jr.","","","RB33","76","","","80","","86.6"
"87","Kirk Cousins","MIN","10","QB8","87","","","97","","88.0"
"88","Jamison Crowder","WAS","4","WR37","102","","","74","","88.4"
"89","Robbie Chosen","MIA","11","WR38","83","","","89","","89.8"
"90","Chris Carson","","","RB34","82","","","62","","90.4"
"91","Andrew Luck","","","QB9","81","","","95","","92.0"
"92","Pierre Garcon ","","","WR39","86","","","87","","92.6"
"93","Jordy Nelson","","","WR40","100","","","101","","93.2"
"94","Isaiah Crowell ","","","RB35","106","","","73","","94.8"
"95","Matthew Stafford","LAR","12","QB10","104","","","86","","97.0"
"96","Randall Cobb","NYJ","11","WR41","101","","","103","","99.4"
"97","Ben Roethlisberger","","","QB11","78","","","100","","100.6"
"98","Nelson Agholor","BAL","10","WR42","110","","","104","","102.0"
"99","Marlon Mack","ARI","9","RB36","153","","","98","","104.8"
"100","Jimmy Garoppolo","LV"," ","QB12","108","","","109","","105.2"
"101","Sterling Shepard","NYG","9","WR43","93","","","114","","105.6"
"102","Peyton Barber","","","RB37","97","","","106","","106.4"
"103","Matt Ryan","","","QB13","99","","","105","","107.0"
"104","Jack Doyle ","","","TE11","103","","","113","","108.6"
"105","Chris Thompson","","","RB38","80","","","61","","109.0"
"106","Philip Rivers","","","QB14","118","","","111","","109.0"
"107","Ronald Jones II","","","RB39","171","","","102","","112.4"
"108","David Njoku","CLE","11","TE12","117","","","107","","112.6"
"109","Kelvin Benjamin","","","WR44","109","","","112","","113.8"
"110","Kenny Stills","","","WR45","123","","","117","","115.8"
"111","James White","","","RB40","121","","","108","","116.0"
"112","Aaron Jones","GB","7 ","RB41","146","","","110","","116.8"
"113","Patrick Mahomes II","KC","12","QB15","122","","","120","","120.8"
"114","Jared Goff","DET","6","QB16","120","","","130","","121.0"
"115","DeVante Parker","NE","11","WR46","151","","","116","","125.2"
"116","Allen Hurns","","","WR47","128","","","118","","125.2"
"117","Adrian Peterson","","","RB42","90","","","140","","125.4"
"118","Nick Chubb","CLE","11","RB43","156","","","124","","127.4"
"119","C.J. Anderson","","","RB44","168","","","99","","130.2"
"120","Greg Zuerlein","NYJ","11","K1","96","","","158","","134.2"
"121","Alex Smith ","","","QB17","116","","","153","","134.4"
"122","Matt Breida","NYG","9 ","RB45","127","","","132","","134.8"
"123","Calvin Ridley","JAC","9","WR48","158","","","135","","135.6"
"124","Stephen Gostkowski","","","K2","94","","","156","","136.2"
"125","Keelan Cole Sr.","LV","","WR49","133","","","136","","136.4"
"126","George Kittle","SF","11","TE13","163","","","129","","136.8"
"127","Ty Montgomery II","","","RB46","154","","","131","","137.2"
"128","Marcus Mariota","PHI","9","QB18","131","","","147","","137.4"
"129","Tyler Eifert ","","","TE14","136","","","133","","137.4"
"130","Jacksonville Jaguars","DST","9","DST1","65","","","96","","86.0"
"131","Derek Carr","NO","6","QB19","114","","","142","","138.4"
"132","DJ Moore","CHI","5","WR50","178","","","123","","139.0"
"133","Giovani Bernard","","","RB47","167","","","141","","141.4"
"134","Dak Prescott","DAL","8","QB20","113","","","150","","141.8"
"135","Justin Tucker","BAL","10","K3","124","","","161","","142.2"
"136","Bilal Powell ","","","RB48","165","","","149","","142.4"
"137","Latavius Murray","BUF","11","RB49","159","","","146","","142.6"
"138","Michael Gallup","DAL","8","WR51","157","","","121","","144.2"
"139","Kenny Golladay","","","WR52","150","","","152","","144.6"
"140","Corey Clement","","","RB50","160","","","144","","144.8"
"141","Alfred Morris","","","RB51","68","","","173","","145.0"
"142","Josh Doctson","","","WR53","126","","","151","","148.2"
"143","Tyler Lockett","SEA","7","WR54","140","","","168","","150.0"
"144","Los Angeles Rams","DST","12","DST2","84","","","115","","104.8"
"145","Cameron Meredith ","","","WR55","177","","","125","","153.0"
"146","Theo Riddick","","","RB52","172","","","126","","154.4"
"147","Minnesota Vikings","DST","10","DST3","95","","","119","","112.0"
"148","Philadelphia Eagles","DST","9","DST4","85","","","127","","114.0"
"149","LeGarrette Blount","","","RB53","144","","","164","","162.0"
"150","Jordan Wilkins","","","RB54","170","","","145","","165.8"
"151","Anthony Miller","KC","12","WR56","185","","","166","","166.0"
"152","Chris Godwin","TB","5","WR57","176","","","155","","166.6"
"153","James Conner","ARI","9","RB55","119","","","180","","169.2"
"154","Mike Williams","LAC","8","WR58","162","","","122","","177.2"
"155","John Brown","","","WR59","188","","","154","","173.2"
"156","Baltimore Ravens","DST","10","DST5","115","","","138","","132.8"
"157","Los Angeles Chargers","DST","8","DST6","147","","","134","","132.8"
"158","Mitch Trubisky","PIT","7","QB21","155","","","218","","175.8"
"159","Wil Lutz","DEN","10","K4","181","","","169","","176.4"
"160","Matt Bryant","","","K5","137","","","177","","178.2"
"161","Chris Boswell","PIT","7 ","K6","132","","","176","","178.6"
"162","Harrison Butker","KC","12","K7","193","","","167","","179.4"
"163","Houston Texans","DST","10","DST7","129","","","137","","138.3"
"164","John Ross","","","WR60","141","","","191","","180.2"
"165","Devontae Booker","","","RB56","","","","128","","141.0"
"166","Jake Elliott","PHI","9","K8","189","","","178","","185.4"
"167",".J. Howard O","","","TE15","","","","160","","147.8"
"168","Danny Amendola","","","WR61","149","","","225","","187.6"
"169","Denver Broncos","DST","10","DST8","164","","","139","","151.5"
"170","Courtland Sutton","DEN","10","WR62","180","","","216","","194.4"
"171","Robbie Gould","","","K9","187","","","185","","194.4"
"172","Mohamed Sanu Sr.","","","WR63","130","","","204","","158.0"
"173","Austin Seferian-Jenkins","","","TE16","161","","","143","","161.3"
"174","Dez Bryant ","","","WR64","173","","","189","","161.5"
"175","Rishard Matthews","","","WR65","175","","","186","","163.3"
"176","New Orleans Saints","DST","6","DST9","174","","","157","","164.3"
"177","Jameis Winston","NO","6 ","QB22","","","","171","","164.5"
"178","Matt Prater","ARI","9","K10","190","","","201","","202.2"
"179","DeSean Jackson","","","WR66","184","","","192","","168.3"
"180","Dede Westbrook","","","WR67","","","","148","","168.5"
"181","Chicago Bears","DST","5","DST10","152","","","188","","169.8"
"182","Jared Cook","","","TE17","148","","","197","","171.0"
"183","Paul Richardson Jr. ","","","WR68","142","","","172","","171.3"
"184","New England Patriots","DST","11","DST11","134","","","175","","171.8"
"185","Pittsburgh Steelers","DST","7","DST12","145","","","179","","175.3"
"186","Mason Crosby","NYG","9","K11","179","","","226","","209.2"
"187","Eric Ebron","","","TE18","","","","195","","175.5"
"188","Cameron Brate","","","TE19","169","","","181","","175.8"
"189","Eli Manning","","","QB23","","","","193","","176.5"
"190","Austin Ekeler","LAC","8","RB57","","","","159","","178.3"
"191","Carolina Panthers","DST","4","DST13","182","","","194","","179.3"
"192","Charles Clay","","","TE20","139","","","202","","179.5"
"193","Benjamin Watson","","","TE21","143","","","208","","187.3"
"194","Geronimo Allison ","","","WR69","","","","207","","190.8"
"195","Tyrod Taylor","NYG","9","QB24","138","","","238","","196.8"
"196","Ricky Seals-Jones","","","TE22","","","","220","","198.5"
"197","Arizona Cardinals","DST","9","DST14","166","","","222","","199.3"
"198","Marqise Lee ","","","WR70","","","","203","","156.0"
"199","D'Onta Foreman","CHI","5","RB58","","","","163","","164.3"
"200","Antonio Gates","","","TE23","135","","","243","","214.3"
"201","Adam Vinatieri","","","K12","191","","","269","","240.4"
"202","Doug Martin","","","RB59","","","","162","","173.3"
"203","Nyheim Hines","BUF","11","RB60","","","","182","","178.7"
"204","Mike Gesicki","NE","11","TE24","","","","174","","179.7"
"205","Javorius Allen","","","RB61","","","","183","","182.3"
"206","Tyrell Williams","","","WR71","","","","198","","183.0"
"207","Daniel Carlson","LV","","K13","","","","228","","223.8"
"208","Blake Bortles","","","QB25","","","","206","","184.0"
"209","Andy Dalton","CAR","4 ","QB26","","","","190","","184.3"
"210","Ted Ginn Jr.","","","WR72","","","","247","","187.7"
"211","Case Keenum","HOU","10","QB27","","","","209","","188.0"
"212","Mike Wallace ","","","WR73","186","","","240","","227.8"
"213","Christian Kirk","JAC","9 ","WR74","","","","214","","189.0"
"214","Martavis Bryant","DAL","8 ","WR75","","","","205","","190.3"
"215","Vance McDonald","","","TE25","","","","212","","193.7"
"216","T.J. Yeldon","","","RB62","","","","165","","195.3"
"217","Austin Hooper","LV","","TE26","","","","199","","195.7"
"218","Robert Kelley","","","RB63","","","","219","","201.0"
"219","Hayden Hurst","CAR","4","TE27","","","","200","","204.3"
"220","Graham Gano","NYG","9 ","K14","192","","","260","","239.8"
"221","Frank Gore ","","","RB64","","","","217","","208.7"
"222","Spencer Ware","","","RB65","","","","210","","209.7"
"223","Samaje Perine","DEN","10","RB66","","","","187","","210.3"
"224","Chris Ivory","","","RB67","","","","221","","214.3"
"225","Atlanta Falcons","DST","8","DST15","","","","227","","216.3"
"226","Ryan Tannehill","TEN","8","QB28","","","","237","","217.0"
"227","Donte Moncrief","","","WR76","","","","235","","220.3"
"228","Tennessee Titans","DST","8","DST16","183","","","246","","221.3"
"229","James Washington","","","WR77","","","","239","","227.7"
"230","Kalen Ballage","","","RB68","","","","232","","228.7"
"231","Joe Flacco","CLE","11","QB29","","","","248","","229.0"
"232","Jeremy Hill ","","","RB69","","","","211","","234.3"
"233","Terrance Williams","","","WR78","","","","256","","234.3"
"234","Baker Mayfield","TB","5","QB30","","","","262","","235.7"
"235","Ryan Succop","","","K15","","","","215","","240.0"
"236","Taywan Taylor","","","WR79","","","","231","","240.7"
"237","Quincy Enunwa","","","WR80","","","","229","","242.3"
"238","Kenneth Dixon","","","RB70","","","","251","","245.0"
"239","Chase Edmonds","TB","5","RB71","","","","224","","245.0"
"240","Tre'Quan Smith","DEN","10","WR81","","","","234","","246.7"
"241","Darren Sproles","","","RB72","","","","241","","247.7"
"242","Cole Beasley","","","WR82","","","","264","","248.0"
"243","Phillip Dorsett II","DEN","10","WR83","","","","213","","248.3"
"244","Kansas City Chiefs","DST","12","DST17","","","","184","","202.0"
"245","John Kelly Jr.","CLE","11","RB73","","","","245","","252.0"
"246","Seattle Seahawks","DST","7","DST18","","","","196","","207.5"
"247","Jonathan Stewart","","","RB74","","","","244","","255.0"
"248","Terrelle Pryor Sr.","","","WR84","","","","254","","255.7"
"249","Lamar Jackson","BAL","10","QB31","","","","311","","255.7"
"250","Dallas Goedert","PHI","9","TE28","","","","266","","255.7"
"251","Sam Darnold","SF","11","QB32","","","","318","","256.7"
"252","Cordarrelle Patterson","ATL","8","RB75","","","","287","","258.7"
"253","Brandon Marshall","","","WR85","","","","242","","259.0"
"254","Brandon McManus","JAC","9","K16","","","","249","","260.7"
"255","Sam Bradford","","","QB33","","","","279","","261.7"
"256","Josh Lambo","","","K17","","","","282","","263.7"
"257","Rod Smith","","","RB76","","","","259","","265.0"
"258","Dante Pettis ","","","WR86","","","","276","","265.3"
"259","Jermaine Kearse","","","WR87","","","","310","","265.7"
"260","Dan Bailey","","","K18","","","","223","","266.0"
"261","Pharoh Cooper","","","WR88","","","","","","112.0"
"262","Jake Butt ","","","TE29","","","","295","","267.3"
"263","Detroit Lions","DST","6","DST19","","","","233","","235.5"
"264","Tavon Austin","","","WR89","","","","315","","275.0"
"265","Vernon Davis","","","TE30","","","","308","","276.0"
"266","Nick Foles","","","QB34","","","","261","","276.0"
"267","Corey Coleman","","","WR90","","","","293","","276.3"
"268","Travis Benjamin","","","WR91","","","","281","","276.7"
"269","Albert Wilson ","","","WR92","","","","275","","277.3"
"270","Ryan Grant ","","","WR93","","","","230","","286.0"
"271","Alex Erickson","LAC","8","WR94","","","","","","151.0"
"272","Antonio Callaway","","","WR95","","","","271","","280.7"
"273","Ameer Abdullah","LV","","RB77","","","","274","","280.7"
"274","Hunter Henry","NE","11","TE31","","","","","","307.5"
"275","Dallas Cowboys","DST","8","DST20","","","","257","","250.0"
"276","Josh Rosen","","","QB35","","","","341","","282.0"
"277","Ryan Griffin","","","TE32","","","","305","","282.0"
"278","Ryan Switzer","","","WR96","","","","","","160.0"
"279","C.J. Prosise ","","","RB78","","","","258","","284.7"
"280","Josh Allen","BUF","11","QB36","","","","332","","285.0"
"281","Stephen Hauschka","","","K19","","","","299","","285.0"
"282","Green Bay Packers","DST","7","DST21","","","","255","","256.0"
"283","Wayne Gallman Jr.","","","RB79","","","","265","","286.3"
"284","Ka'imi Fairbairn","HOU","10","K20","","","","","","258.0"
"285","Cleveland Browns","DST","11","DST22","","","","263","","259.5"
"286","Nick Vannett","LAC","8","TE33","","","","335","","288.3"
"287","DJ Chark Jr.","CAR","4","WR97","","","","319","","290.3"
"288","Jakeem Grant Sr.","CLE","11","WR98","","","","","","183.0"
"289","Ed Dickson","","","TE34","","","","344","","291.0"
"290","Mike Gillislee","","","RB80","","","","267","","291.0"
"291","Andre Roberts","","","WR99","","","","","","185.0"
"292","Dustin Hopkins","CLE","11","K21","","","","292","","293.3"
"293","Kevin White ","","","WR100","","","","277","","293.3"
"294","Laquon Treadwell","BAL","10","WR101","","","","250","","294.7"
"295","Phil Dawson ","","","K22","","","","278","","296.0"
"296","Jordan Matthews","CAR","4","WR102","","","","","","201.0"
"297","Jaylen Samuels","","","RB81","","","","321","","273.0"
"298","Willie Snead IV","SF","11","WR103","","","","","","273.0"
"299","Corey Grant ","","","RB82","","","","314","","297.3"
"300","Luke Willson","","","TE35","","","","337","","298.7"
"301","Chris Warren III","","","RB83","","","","253","","276.0"
"302","Trevor Davis","","","WR104","","","","","","208.0"
"303","Kai Forbath","LAR","12","K23","","","","284","","276.5"
"304","Buffalo Bills","DST","11","DST23","","","","316","","277.5"
"305","Malcolm Brown ","","","RB84","","","","252","","278.5"
"306","Elijah McGuire","","","RB85","","","","317","","280.5"
"307","Cincinnati Bengals","DST","9","DST24","","","","285","","280.5"
"308","Sebastian Janikowski","","","K24","","","","294","","305.7"
"309","Zay Jones","JAC","9","WR105","","","","296","","282.0"
"310","Caleb Sturgis","","","K25","","","","312","","306.0"
"311","Geoff Swaim","ARI","9 ","TE36","","","","","","283.0"
"312","New York Giants","DST","9","DST25","","","","288","","283.0"
"313","Taylor Gabriel","","","WR106","","","","333","","284.5"
"314","Jesse James","","","TE37","","","","","","284.5"
"315","Jonathan Williams","WAS","4","RB86","","","","280","","285.0"
"316","Virgil Green","","","TE38","","","","339","","305.7"
"317","J'Mon Moore","","","WR107","","","","270","","290.0"
"318","Brandon Zylstra","","","WR108","","","","","","239.0"
"319","Cairo Santos","CHI","5","K26","","","","","","305.0"
"320","Jake Kumerow","","","WR109","","","","302","","296.5"
"321","Alfred Blue","","","RB87","","","","290","","321.7"
"322","Washington Commanders","DST","4","DST26","","","","336","","298.0"
"323","Torrey Smith","","","WR110","","","","272","","298.0"
"324","San Francisco 49ers","DST","11","DST27","","","","328","","300.0"
"325","J.J. Nelson","","","WR111","","","","297","","300.0"
"326","Stephen Anderson","LAC","8","TE39","","","","343","","301.5"
"327","Tampa Bay Buccaneers","DST","5","DST28","","","","331","","302.5"
"328","Mark Andrews","BAL","10","TE40","","","","","","261.0"
"329","Adam Shaheen","","","TE41","","","","","","262.0"
"330","Tyler Kroft","MIA","11 ","TE42","","","","334","","303.5"
"331","Rico Gathers","","","TE43","","","","","","265.0"
"332","Boston Scott","PHI","9","RB88","","","","268","","337.0"
"333","Jaron Brown","","","WR112","","","","338","","320.0"
"334","Gerald Everett","LAC","8","TE44","","","","342","","308.0"
"335","Tyler Boyd","CIN","9","WR113","","","","307","","329.0"
"336","Brett Maher","LAR","12","K27","","","","273","","333.0"
"337","Curtis Samuel","WAS","4","WR114","","","","","","276.0"
"338","Blake Jarwin","","","TE45","","","","","","281.0"
"339","Adam Humphries","","","WR115","","","","","","313.5"
"340","Joe Williams","","","RB89","","","","330","","314.0"
"341","Jalen Richard","","","RB90","","","","301","","314.0"
"342","Wendell Smallwood","","","RB91","","","","283","","332.0"
"343","Cameron Artis-Payne","","","RB92","","","","","","285.0"
"344","John Conner","","","RB93","","","","286","","286.0"
"345","Travaris Cadet","","","RB94","","","","","","286.0"
"346","Trent Taylor","CHI","5","WR116","","","","322","","315.5"
"347","Chester Rogers","","","WR117","","","","","","287.0"
"348","Keke Coutee","","","WR118","","","","","","288.0"
"349","Cody Parkey","","","K28","","","","289","","340.5"
"350","Shane Vereen","","","RB95","","","","291","","291.0"
"351","Garrett Celek","","","TE46","","","","","","293.0"
"352","Christine Michael","","","RB96","","","","298","","319.5"
"353","Stevan Ridley","","","RB97","","","","324","","319.5"
"354","Brice Butler","","","WR119","","","","","","296.0"
"355","Matt Barkley","JAC","9","QB37","","","","","","297.0"
"356","Jeremy Maclin ","","","WR120","","","","","","300.0"
"357","Chandler Catanzaro","","","K29","","","","300","","357.0"
"358","Charles Sims","","","RB98","","","","","","302.0"
"359","Phillip Lindsay","","","RB99","","","","303","","323.5"
"360","J.D. McKissic","","","RB100","","","","323","","324.0"
"361","Aldrick Rosas","","","K30","","","","304","","330.5"
"362","New York Jets","DST","11","DST29","","","","306","","306.0"
"363","Jonnu Smith","ATL","8 ","TE47","","","","","","306.0"
"364","Jacoby Brissett","WAS","4","QB38","","","","","","307.0"
"365","Josh McCown","","","QB39","","","","","","308.0"
"366","DeAndre Washington","","","RB101","","","","309","","355.0"
"367","AJ McCarron","CIN","9","QB40","","","","","","312.0"
"368","Miami Dolphins","DST","11","DST30","","","","313","","313.0"
"369","Kenny Britt","","","WR121","","","","","","314.0"
"370","Jacquizz Rodgers","","","RB102","","","","","","316.0"
"371","Ryan Fitzpatrick","","","QB41","","","","","","317.0"
"372","Dwayne Allen","","","TE48","","","","","","318.0"
"373","Robert Turbin ","","","RB103","","","","","","320.0"
"374","Kyle Juszczyk","SF","11","RB104","","","","320","","371.0"
"375","Brandon LaFell ","","","WR122","","","","","","321.0"
"376","Brian Hoyer","LV","","QB42","","","","","","323.0"
"377","Las Vegas Raiders","DST","","DST31","","","","325","","325.0"
"378","Steven Jackson","","","RB105","","","","","","326.0"
"379","Tyler Higbee","LAR","12","TE49","","","","326","","355.5"
"380","Marcus Murphy ","","","RB106","","","","327","","346.5"
"381","Peyton Hillis","","","RB107","","","","","","328.0"
"382","Orleans Darkwa","","","RB108","","","","","","329.0"
"383","Jordan Akins","CLE","11","TE50","","","","329","","342.5"
"384","Mark Walton","","","RB109","","","","","","330.0"
"385","Michael Roberts","","","TE51","","","","","","331.0"
"386","Chad Williams","","","WR123","","","","","","332.0"
"387","Cody Latimer","","","WR124","","","","","","333.0"
"388","Tyler Ervin","","","RB110","","","","","","334.0"
"389","Jordan Leggett","","","TE52","","","","","","336.0"
"390","Xavier Grimble","","","TE53","","","","","","337.0"
"391","Chris Johnson ","","","RB111","","","","","","338.0"
"392","Wes Welker","","","WR125","","","","","","340.0"
"393","Jeff Heuerman ","","","TE54","","","","340","","367.5"
"394","Brock Osweiler","","","QB43","","","","","","342.0"
"395","Dennis Pitta","","","TE55","","","","","","345.0"
"396","","","","1","","","","","","346.0"
"397","Randy Moss","","","WR126","","","","","","347.0"
"398","Tajae Sharpe","","","WR127","","","","","","348.0"
"399","Tony Romo","","","QB44","","","","","","349.0"
"400","Knowshon Moreno","","","RB112","","","","","","350.0"
"401","Marques Colston","","","WR128","","","","","","351.0"
"402","Akeem Hunt","","","RB113","","","","","","352.0"
"403","Malcolm Mitchell","","","WR129","","","","","","353.0"
"404","Kendall Wright","","","WR130","","","","","","358.0"
"405","Coby Fleener","","","TE56","","","","","","360.0"
"406","Rashard Higgins","","","WR131","","","","","","361.0"
"407","Damoun Patterson","","","WR132","","","","","","362.0"
"408","Landry Jones","","","QB45","","","","","","364.0"
"409","Thomas Rawls","","","RB114","","","","","","365.0"
"410","Trenton Cannon","","","RB115","","","","","","367.0"
"411","Clive Walford","","","TE57","","","","","","368.0"
"412","Marcedes Lewis","CHI","5","TE58","","","","","","373.0"
"413","C.J. Beathard","JAC","9","QB46","","","","","","374.0"
"414","Tommylee Lewis","","","WR133","","","","","","375.0"
"415","Equanimeous St. Brown","CHI","5","WR134","","","","","","376.0"
"416","Justin Hardy","","","WR135","","","","","","377.0"
"417","Teddy Bridgewater","DET","6","QB47","","","","","","378.0"
"418","Justin Watson","KC","12","WR136","","","","","","379.0"
"419","Johnny Manziel","","","QB48","","","","","","380.0"
"420","Mike Boone","CAR","4","RB116","","","","","","382.0"
"421","Mark Sanchez","","","QB49","","","","","","383.0"
"422","Nathan Peterman","CHI","5","QB50","","","","","","384.0"
"423","Eddy Pineiro","CAR","4","K31","","","","","","386.0"
"424","Colin Kaepernick","","","QB51","","","","","","387.0"
"425","Aaron Hernandez","","","TE59","","","","","","388.0"
"426","Mike Davis","","","RB117","","","","","","389.0"
"427","Shelton Gibson","","","WR137","","","","","","390.0"
"428","Deonte Thompson","","","WR138","","","","","","391.0"
"429","Matt Cassel","","","QB52","","","","","","394.0"
"430","DaeSean Hamilton","","","WR139","","","","","","396.0"
"431","Zane Gonzalez","","","K32","","","","","","397.0"
"432","Javon Wims","","","WR140","","","","","","398.0"
"433","Derek Watt","","","RB118","","","","","","399.0"
"434","Terrance West","","","RB119","","","","","","400.0"
"435","Kerwynn Williams","","","RB120","","","","","","402.0"
"436","C.J. Ham","MIN","10","RB121","","","","","","403.0"
"437","Bennie Fowler III","","","WR141","","","","","","404.0"
"438","Seth Roberts","","","WR142","","","","","","405.0"
"439","Bruce Ellington","","","WR143","","","","","","407.0"
"440","Charcandrick West","","","RB122","","","","","","408.0"
"441","Mack Hollins","ATL","8","WR144","","","","","","409.0"
"442","Brandon Tate","","","WR145","","","","","","410.0"
"443","Dwayne Harris","","","WR146","","","","","","411.0"
"444","Jacob Hollister","","","TE60","","","","","","412.0"
"445","Brett Hundley","","","QB53","","","","","","413.0"
"446","Roc Thomas","","","RB123","","","","","","415.0"
"447","Roberto Aguayo","","","K33","","","","","","416.0"
"448","Marquez Valdes-Scantling","KC","12","WR147","","","","","","417.0"
"449","Braxton Berrios","MIA","11","WR148","","","","","","418.0"
"450","Richie James Jr.","KC","12","WR149","","","","","","419.0"
"451","Justin Davis","","","RB124","","","","","","420.0"
"452","Braxton Miller","","","WR150","","","","","","421.0"
"453","Amara Darboh","","","WR151","","","","","","423.0"
"454","T.J. Jones","","","WR152","","","","","","424.0"
"455","Jason Sanders","MIA","11","K34","","","","","","425.0"
"456","Jeremy Kerley","","","WR153","","","","","","426.0"
"457","Chris Conley","SF","11","WR154","","","","","","427.0"
"458","Niles Paul","","","TE61","","","","","","428.0"
"459","Keith Smith","ATL","8","RB125","","","","","","429.0"
"460","Patrick DiMarco","","","RB126","","","","","","430.0"
"461","Andy Janovich","","","RB127","","","","","","431.0"
"462","Joe Webb III","","","QB54","","","","","","432.0"
"463","Nick Boyle","","","TE62","","","","","","433.0"
"464","Chris Moore","TEN","8","WR155","","","","","","434.0"
"465","Jermaine Gresham","","","TE63","","","","","","435.0"
"466","Justin Hunter ","","","WR156","","","","","","436.0"
"467","Demarcus Robinson","LAR","12","WR157","","","","","","437.0"
"468","Brandon Weeden","","","QB55","","","","","","438.0"
"469","Demetrius Harris ","","","TE64","","","","","","439.0"
"470","Seth DeValve","","","TE65","","","","","","440.0"
"471","Nate Sudfeld","DET","6","QB56","","","","","","441.0"
"472","Lee Smith","","","TE66","","","","","","442.0"
"473","Lance Kendricks","","","TE67","","","","","","443.0"
"474","Eli Rogers ","","","WR158","","","","","","444.0"
"475","A.J. Derby","","","TE68","","","","","","445.0"
"476","Benny Cunningham Jr.","","","RB128","","","","","","446.0"
"477","Chad Hansen","","","WR159","","","","","","447.0"
"478","De'Anthony Thomas","","","WR160","","","","","","448.0"
"479","Jamize Olawale","","","RB129","","","","","","449.0"
"480","Chris Herndon IV","","","TE69","","","","","","450.0"
"481","Nick O'Leary","","","TE70","","","","","","451.0"
"482","Logan Paulsen","","","TE71","","","","","","452.0"
"483","Geno Smith","SEA","7","QB57","","","","","","453.0"
"484","Mason Rudolph","PIT","7","QB58","","","","","","454.0"
"485","Josh Hill","","","TE72","","","","","","455.0"
"486","Blaine Gabbert","KC","12","QB59","","","","","","456.0"
"487","Kendrick Bourne","NE","11","WR161","","","","","","457.0"
"488","Josh Reynolds","DET","6","WR162","","","","","","458.0"
""
""