#,Player,Pos,Team,1,2,3,4,5,6,7,8,9,10,11,12,13,14,15,16,17,AVG,TTL
1,Russell Wilson,QB,DEN,8.3,15.3,33.5,27.6,11.5,-,26.4,35.1,23.6,19.4,30.9,23.6,24.2,21.8,11.6,14.6,20.4,21.7,347.9
2,Le'Veon Bell,RB,FA,7.7,13.1,21.8,34.6,19.3,28.1,22.2,14.1,-,16.2,19.3,28.3,29.2,39.5,27.5,20.7,-,22.8,341.6
3,Alvin Kamara,RB,NO,7.8,8.4,13.2,25.6,BYE,11.7,15.7,16.6,31.2,24.8,25.6,36.8,29.6,5.7,20.9,16,24.8,19.7,314.4
4,Antonio Brown,WR,FA,29.2,11.2,27,7.4,25.7,29.5,16.5,12,-,7.7,42.4,40.9,24.1,32.3,4.4,-,-,22.2,310.3
5,DeAndre Hopkins,WR,TEN,18.5,14.3,14.6,26.7,27.2,9.9,-,36.4,20.6,18.1,17.6,19.5,16,35.9,18,16.5,-,20.7,309.8
6,Cam Newton,QB,FA,13.1,11.8,8.3,33,26.2,20.7,7.4,12.6,20.1,35.7,-,17.5,20.4,14.5,31.5,15.6,11.1,18.7,299.5
7,Tom Brady,QB,FA,10.7,30.8,35.7,20.5,12.6,16.2,18.5,17.5,-,22.6,25.6,20.7,8.3,9.3,15.7,15.6,15.6,18.5,295.9
8,Kareem Hunt,RB,CLE,45.6,25.9,25.3,16.1,14.6,16,15.7,9.8,10.1,-,10.7,3.6,9.3,22.8,39.6,20.6,9.5,18.5,295.2
9,Alex Smith,QB,FA,31,16.1,15.1,27.3,26.9,15.1,25.7,13.4,18.4,-,7.9,13.5,37.6,11.1,18.5,17.5,-,19.7,295.2
10,Melvin Gordon III,RB,BAL,18.9,20.8,13.9,3.9,34.3,36,5.4,20.9,-,9.2,14,11.8,14.6,15.3,28.9,21.8,18.4,18,288.1
11,Carson Wentz,QB,LAR,18.9,24.8,13.2,15.1,27.3,21.4,31,17.1,24.8,-,20,24,16.9,27.2,-,-,-,21.7,281.7
12,Keenan Allen,WR,LAC,14.5,19,11.1,18.8,10.7,9.5,7.1,10.1,BYE,9.4,40.2,34.2,26.5,17.1,10.4,11.3,28.3,17.4,278.2
13,Mark Ingram II,RB,FA,12.1,11.6,10.6,10.2,-,30,21,17.9,8.9,31.1,24.5,5.6,24.2,13.2,32.1,15.6,9.4,17.4,278
14,Kirk Cousins,QB,MIN,10.6,11.9,26.8,20.6,-,27.8,23.9,10.5,8.3,27.6,26,16.1,12.6,8.8,15.8,22.8,7.5,17.4,277.6
15,Matthew Stafford,QB,LAR,27.1,13.2,16.5,10.1,15.2,14.9,-,18,22.4,21.7,18.3,14,11.9,15.2,17.4,10.8,27.1,17.1,273.6
16,Philip Rivers,QB,FA,17.7,17.2,3.5,19.9,20.8,14.3,15.3,10.5,-,15.3,18,28.9,17.6,20.8,7.1,15.6,28,16.9,270.4
17,LeSean McCoy,RB,FA,20.9,10.3,13.9,13.8,14.9,-,27.2,29.3,2.5,9,25.6,11.9,12.2,21.6,25.6,19.7,5.2,16.5,263.6
18,Drew Brees,QB,FA,15.6,22.2,20.8,19,-,11.5,19.1,11.8,18.7,14,21.6,14.3,14.5,17,17.1,11.2,14,16.4,262.6
19,Ben Roethlisberger,QB,FA,15.7,17.5,12,10.5,2.6,11.9,16.7,14.5,-,17.9,29,30.5,18,28.7,18.2,16.9,-,17.4,260.7
20,Dak Prescott,QB,DAL,17.1,15.9,22.9,22.6,29.7,BYE,30,7.3,26.7,13.2,-1.2,3.2,14.9,26.6,13.7,5.3,12.8,16.3,260.7
21,Jarvis Landry,WR,FA,-,20.1,10.8,10,15.4,20.2,22.3,8.3,15.2,15.2,19.5,15,11.2,24.6,19.9,8.1,24.2,16.3,260
22,Michael Thomas,WR,NO,9.5,13.9,21.7,22.9,BYE,4.1,15.2,14.7,14.5,20.7,15.1,10.2,18,27.7,24.3,10.6,15.4,16.2,258.5
23,Jared Goff,QB,DET,16.4,10.9,23.6,18.1,7.7,9.9,18.7,-,28.4,26.5,9.8,19.9,15,14.2,10.8,25.4,-,17,255.3
24,Julio Jones,WR,PHI,10.6,15.8,16.1,6,-,13.2,24.9,10.4,17.8,11.7,12.1,50.8,4.4,14.8,8.4,21.9,13,15.7,251.9
25,Blake Bortles,QB,FA,10.3,9.8,27.6,11.4,2.7,13.5,16.3,-,16.4,16.3,8.6,22.6,25.1,18.5,25,22.4,3.2,15.6,249.7
26,Adam Thielen,WR,CAR,24.7,7.4,14.8,8.9,9.5,18.6,9.1,20.8,-,30.6,24.3,16.9,9.1,22.5,6,4.4,12.1,15,239.7
27,Tyreek Hill,WR,MIA,26.8,8.9,20,8.5,10.8,7.5,25.2,3.8,15.3,-,15.4,12.4,36.5,11.5,19.8,16.8,-,15.9,239.2
28,Case Keenum,QB,HOU,-,6.7,28.6,8.8,11.8,13.1,6.4,17.5,-,24.1,17.2,27.3,17,19.2,19.4,9.4,11.6,15.9,237.9
29,Carlos Hyde,RB,FA,13.7,17.3,24.4,14.5,2.8,24.5,12.8,8.7,21.5,12.4,-,13.8,9.6,13.8,5.9,16.3,21.8,14.6,233.8
30,Travis Kelce,TE,KC,9.4,24.3,1.1,24.4,17.8,7.7,13.3,26.3,20.3,BYE,16.9,6.9,25.4,14.4,10.6,14.7,-,15.6,233.5
31,Leonard Fournette,RB,FA,21.4,14.1,17,24.5,31.4,21.8,-,-,-,6.6,13.8,7.2,16.9,21.9,-,16,17.6,17.7,230.2
32,Christian McCaffrey,RB,SF,11.5,8.4,20.7,8.9,14.8,22.4,11.6,10.2,20.4,20,BYE,11.7,15.9,8.3,25.6,7.8,10.4,14.3,228.6
33,Matt Ryan,QB,FA,17.9,14.9,13.7,8.5,-,11.9,17,15.9,18.4,14.6,17,16.8,7,6.8,15.4,14.2,18.1,14.3,228.1
34,Rob Gronkowski,TE,FA,5.3,23.6,22.9,12,-,26.3,8.1,16.7,-,11.4,6.7,25.2,23.7,-,27.8,17.7,0,16.2,227.4
35,A.J. Green,WR,FA,12.4,11.7,27.1,17.3,29.9,-,7.1,11.7,1.6,22.5,15,11.6,26.7,9.4,5,14.1,3.7,14.2,226.8
36,Marvin Jones Jr.,WR,FA,11.7,9.7,5.4,6.2,11.4,21.6,-,18.8,29.7,3.2,18.5,28.9,13,9.4,11.5,8,18.1,14.1,225.1
37,Golden Tate,WR,FA,21.4,6.5,18.8,6.1,9.8,22.6,-,13.6,18.3,21.7,6.2,6,14.9,22.5,6.3,4.4,25.4,14,224.5
38,Tyrod Taylor,QB,NYG,18.8,10.5,17.8,12.5,8.9,-,20,16.7,26.9,2.9,18.1,14,3.8,-,23.2,12.8,15.7,14.8,222.7
39,Davante Adams,WR,LV,7.7,23.9,9,9.3,25.6,16.4,3.2,-,12.3,20,20.6,19.2,8.2,30.4,16.7,-,-,15.9,222.5
40,Brandin Cooks,WR,DAL,11.8,6.3,32.1,7.2,13.5,15.3,16.5,7.6,-,13.4,26.9,21.4,4.2,4.8,16,4.5,19.7,13.8,221.2
41,Duke Johnson Jr.,RB,FA,4,11,22.4,21,17.3,6.9,13.1,8.3,-,14.8,16.6,10.7,3.2,14.9,15.3,17.1,19.5,13.5,216.1
42,Andy Dalton,QB,CAR,-3,9.5,16.3,28.3,13.3,-,10.4,18.7,5.3,14.6,18.6,19.2,19.3,7.6,0.5,11.4,20.7,13.2,210.7
43,Marcus Mariota,QB,PHI,18.8,13,19.7,15.7,-,14.2,8.9,-,15.3,17.7,14.7,7.8,18.3,3.5,18,11.4,13.4,14,210.5
44,Derek Carr,QB,NO,18.7,21.2,5.2,9.7,BYE,6.8,30.2,12.5,13.7,-,13.5,15.8,15.4,10.4,17.5,5.9,9.8,13.8,206.4
45,Jacoby Brissett,QB,WAS,2,8.8,27.8,9.6,18,14,11.1,15.9,19.5,15.6,-,7.4,10.6,7.8,14.1,13.4,10.4,12.9,205.9
46,Josh McCown,QB,FA,9.5,15.7,14.7,5,13.5,20.3,24.5,18.3,16.9,12.5,-,25.1,31.1,-1.5,-,-,-,15.8,205.4
47,Ezekiel Elliott,RB,NE,19,6.2,18.4,29.9,14.2,-,40.9,26.4,15.3,-,-,-,-,-,-,15.8,17.1,20.3,203.2
48,Mike Evans,WR,TB,BYE,22.3,13.7,17.7,9.9,18.5,21.8,11,2.3,-,14.2,13.8,5.3,4.5,18.9,16.7,12.5,13.5,203.1
49,Zach Ertz,TE,DET,17.3,14.7,17.5,13.1,18.1,15.8,19.9,13.4,-,-,2.8,26.3,4.4,-,17.6,17.1,4.4,14.5,202.4
50,Jameis Winston,QB,NO,-,12.5,15.5,26.5,18.5,2.4,23.4,3.7,3.5,-,-,-,18.6,14.4,25.8,13.3,23.7,15.5,201.7
51,Devonta Freeman,RB,FA,11.9,24,22.8,15.8,-,9.9,12,7.1,10.4,0.3,-,-,9.1,15.1,30.4,5.6,25.8,14.3,200.2
52,Robbie Chosen,WR,MIA,6.2,4.8,18.5,8.9,3.6,11.6,12.5,22.5,14.8,18.5,-,32.6,19.4,5.7,9,10.1,1.3,12.5,200
53,Jordan Howard,RB,FA,15.6,0.7,31.6,14.3,7.6,18.6,6.5,15.1,-,5.4,18.5,3.9,4.3,28.5,10.3,16.4,2.4,12.5,199.7
54,Jacksonville Jaguars,DST,JAC,28,-1,12,15,28,5,20,BYE,6,5,25,11,12,8,10,2,13,12.4,199
55,Stefon Diggs,WR,BUF,27.7,5.1,37.3,14.8,1.4,BYE,-,6.6,-,17.8,7.2,12.5,5.7,12.4,14.7,17.3,17.7,14.2,198.2
56,Dion Lewis,RB,FA,0.9,3.5,4.7,9.7,8.3,11.2,9.2,7.4,-,11.5,18.8,12.3,9.2,11.7,15,32.3,31.3,12.3,197
57,Alshon Jeffery,WR,FA,8.8,22.2,9.6,11.9,6.1,11.1,5.7,16.2,26.4,-,18.7,16.2,10.1,16.2,14.9,0,1.8,12.2,195.9
58,Devin Funchess,WR,FA,4,10.8,9.8,26,18.3,6.6,8.1,3.1,13.6,26.2,-,17.8,16,14.9,2.9,4.1,12.8,12.2,195
59,Lamar Miller,RB,FA,11.6,11.7,7.3,29.1,10.9,11.1,-,22.3,12.1,8.4,18.3,12.8,13.4,8,5.3,7.5,3.7,12.1,193.5
60,JuJu Smith-Schuster,WR,NE,0,10.6,5.9,13.7,9.8,6.2,11.9,32.3,BYE,20.7,8.7,-,5.7,-,17.4,19.5,29.3,13.7,191.7
61,Nelson Agholor,WR,BAL,20.6,7.9,4,8.8,19.3,15.5,14.5,5.6,5.6,BYE,0.8,12.2,27.1,14.4,18.9,7.5,4.8,11.7,187.5
62,Joe Flacco,QB,CLE,6.8,14.6,-2.9,9.4,8.5,5.4,11.4,8.9,15.1,-,9.2,9.8,18.7,16.8,21.8,17.3,14.1,11.6,185
63,Greg Zuerlein,K,NYJ,17,9,12,27,4,11,17,-,17,17,1,18,17,5,10,-,-,13,182
64,Jerick McKinnon,RB,KC,6.7,5.5,2.4,-2,26.6,24.9,8.7,26.2,-,6.7,11,6.4,16.2,7.5,20.8,6.1,4.4,11.1,178.1
65,Cooper Kupp,WR,LAR,17.6,6.3,3.7,17,7.4,5.5,15.1,BYE,8.4,10.7,10.4,19.6,11.8,22.8,4.1,16.5,-,11.8,176.9
66,DeShone Kizer,QB,FA,18.6,1.9,22.1,3.7,2.4,-,0.6,15,-,23,5.4,20.6,13.2,17.3,3.3,4.1,24.7,11.7,175.7
67,T.Y. Hilton,WR,FA,6.7,8.9,28.3,6,24.7,2.9,4.7,3.5,34.5,4.3,-,3.5,14.1,4,9.1,16,4.4,11,175.6
68,Kenny Stills,WR,FA,-,11.7,9.1,4.3,2.3,14.9,26.5,11.5,5.8,11.7,31,7.7,18.8,3.8,1.8,7.4,6.4,10.9,174.7
69,Mohamed Sanu Sr.,WR,FA,10.7,13.5,12.8,1.7,-,-,12.5,19.4,11.3,5.9,12.7,20.4,7.3,20.3,4.6,7.1,14.1,11.6,174.3
70,Baltimore Ravens,DST,BAL,25,17,-4,3,12,8,2,29,5,BYE,26,9,16,-1,20,4,3,10.9,174
71,Evan Engram,TE,JAC,8.4,14.9,9.5,12.2,0,19.2,18,BYE,17,15.1,1.9,4.8,22.9,9.4,18.1,2.2,-,11.6,173.6
72,Stephen Gostkowski,K,FA,9,12,4,15,15,6,11,14,-,11,20,5,13,9,8,14,6,10.8,172
73,Michael Crabtree,WR,FA,14.3,32,1.7,-,20.2,17.2,11.4,13.3,7,-,13.1,0,-,15,22.9,0,3.7,12.3,171.8
74,Jimmy Graham,TE,NO,3.8,1.1,14.2,10.1,15.7,-,14.1,19.9,10.9,20.7,20.8,12.4,11.6,0,0.9,7.3,7.5,10.7,171
75,Alex Collins,RB,FA,-,2.2,8.2,6.2,5.5,7.4,3,16.3,5.6,-,17.1,13.7,23.8,24.6,10.2,9.6,17.6,11.4,171
76,Robbie Gould,K,FA,4,10,10,18,13,8,5,6,5,8,-,8,15,17,24,8,11,10.6,170
77,Jack Doyle,TE,FA,6.1,15.9,1.6,7.7,-,16,10.4,30.1,14.3,2.9,-,16.4,4.6,8.4,11.7,9.1,13.8,11.3,169
78,Deshaun Watson,QB,CLE,5.7,17.7,20.1,33.7,35.5,23.3,-,32.8,BYE,-,-,-,-,-,-,-,-,24.1,168.9
79,Marquise Goodwin,WR,CLE,5.1,5.6,8.2,2.8,16.6,5.2,12,0,8.8,17.1,-,11.8,17.9,16.6,22.4,6.7,11.8,10.5,168.6
80,Tevin Coleman,RB,FA,9.8,12.5,11.9,18.2,-,10.6,1.6,11.4,9.4,15.8,12.8,21.7,7.9,3.2,-,15.2,5.7,11.2,167.7
81,Philadelphia Eagles,DST,PHI,22,4,4,4,7,8,6,19,8,BYE,22,13,2,11,5,21,10,10.4,166
82,Marshawn Lynch,RB,FA,10.2,11.9,3.6,1.2,12.3,6.3,0.9,-,20.3,-,8.7,20,20.1,13.4,12.2,9.2,13.9,10.9,164.2
83,Robert Woods,WR,HOU,8.3,1.8,16.8,3.7,12.4,10,11.3,-,23,37.1,16.1,-,-,-,16.5,6.3,-,13.6,163.3
84,Justin Tucker,K,BAL,8,6,1,4,13,12,14,13,9,BYE,11,14,17,9,10,11,10,10.1,162
85,Wil Lutz,K,DEN,14,9,12,10,BYE,11,9,10,7,13,17,10,7,5,7,13,7.4,10.1,161.4
86,Los Angeles Rams,DST,LAR,28,2,4,5,8,15,17,BYE,10,15,0,4,20,7,17,4,5,10.1,161
87,Jamison Crowder,WR,WAS,2.4,8.7,9.2,0.3,BYE,5.6,5.1,22.5,-,12.1,14.6,27.1,9.7,6.4,16.5,14.7,5.4,10.7,160.3
88,Harrison Butker,K,KC,-,-,-,12,21,8,14,21,5,BYE,9,5,7,17,14,18,9,12.3,160
89,Randall Cobb,WR,NYJ,17.5,13,-,14.4,6.9,5.8,3.5,-,10.9,9,6.4,15.8,0,11.9,21.4,5.6,17.3,10.6,159.4
90,Chris Boswell,K,PIT,3,16,5,9,9,5,19,8,BYE,7,19,7,11,19,8,10,4,9.9,159
91,Amari Cooper,WR,CLE,17.2,7.3,1.6,2.9,1.8,7.8,44,10.2,9.8,-,11.8,7.9,-,0,-,15.6,20.5,11.3,158.4
92,Kyle Rudolph,TE,FA,11.6,8.5,1.4,5.4,16.5,9.7,9.3,14.7,-,8.7,10.8,22.3,13.6,13.1,9.7,1.6,1.3,9.9,158.2
93,Latavius Murray,RB,BUF,0.6,0.6,0.5,4.9,6.3,4.8,17.3,5.7,-,12.8,22.6,14.4,12.7,4,17.4,8.5,24.4,9.8,157.5
94,Ryan Succop,K,FA,12,15,16,2,5,21,15,-,6,7,6,9,7,1,14,11,9,9.8,156
95,Theo Riddick,RB,FA,14.6,6.7,7.8,2.2,9.3,10.3,-,6.5,11.3,13.7,4.9,4,17.2,27.3,7.1,6.9,4.2,9.6,154
96,Giovani Bernard,RB,FA,8.9,4.6,11.9,16.9,5.2,-,1.7,0.5,0.4,9.8,1.4,3.7,11.6,19,13.3,29.8,13,9.5,151.7
97,Chris Thompson,RB,FA,15.6,25.6,30.8,1.7,-,17.8,17.4,15.4,7.1,9.7,10.3,-,-,-,-,-,-,15.1,151.4
98,Matt Prater,K,ARI,7,8,19,6,6,9,-,18,13,9,11,13,2,7,9,5,9,9.4,151
98,Los Angeles Chargers,DST,LAC,8,3,5,1,9,6,21,3,BYE,9,25,19,11,8,0,13,10,9.4,151
100,Paul Richardson Jr.,WR,FA,9.9,9.9,11,9.5,6.5,-,14.1,28.5,7.1,5.3,10.6,11,2.8,16.2,3.8,4.1,0,9.4,150.3
101,Jason Witten,TE,FA,18.9,25.7,1.3,1.9,12.1,-,15.4,6.1,1.5,12.9,1.7,11.4,7.8,9,8.7,8.9,3.7,9.2,147
102,Sammy Watkins,WR,FA,10.8,5,28.6,2.7,0,2.1,7.2,-,13.7,12.1,6.6,18.2,12.8,11.1,3.4,12,-,9.8,146.3
103,Sterling Shepard,WR,NYG,12,5,26.3,10.4,1.9,-,-,BYE,12,25.2,-,-,8.6,2.7,30.9,9.5,-,13.1,144.5
104,Tarik Cohen,RB,CAR,25.3,12.8,14.2,8.8,1.7,8.4,8,7.8,-,2.1,15.9,1.7,8.4,10.5,5.7,4.1,8.7,9,144.1
105,Detroit Lions,DST,DET,16,11,13,12,3,11,BYE,5,5,14,9,3,-4,13,12,5,16,9,144
106,Cameron Brate,TE,FA,-,4.4,13.3,18,17.8,19.6,12,10.4,1.9,2,2.2,1.6,17.9,2.1,8.9,4.3,6.7,8.9,143.1
107,New Orleans Saints,DST,NO,0,-2,14,16,BYE,32,4,8,17,8,1,6,4,8,6,13,8,8.9,143
108,Jamaal Williams,RB,NO,0.9,2.1,0.6,2.3,0.1,0,0,-,11.2,8.4,13.5,29.5,20.3,30.8,3,5.8,14.3,8.9,142.8
109,Kenyan Drake,RB,FA,-,-0.3,1.2,3.1,0,0,0,2.2,16.4,17.2,2.4,11.7,23.1,24.3,23.3,5.7,12,8.9,142.3
110,Joe Mixon,RB,CIN,5.4,5.1,13.1,8.8,11.1,BYE,9.8,11.9,13.6,11,6.9,25.5,5.2,-,-,5.2,8.7,10.1,141.3
111,Jake Elliott,K,PHI,-,9,12,19,10,11,13,10,10,BYE,1,8,4,14,10,8,0,9.3,139
112,Danny Amendola,WR,FA,16,-,7.8,16.2,15.7,7,4.7,3.4,-,7.6,20.6,2.5,5.4,13.6,4.3,5.8,8.3,9.3,138.9
113,DeSean Jackson,WR,FA,-,6.9,18.4,4,15.6,12.8,12.3,6.7,5.3,14.2,10.8,14,4.4,10.4,2.8,-,-,9.9,138.6
114,Tyrell Williams,WR,FA,10.4,9.4,3.5,22.5,3.2,3.7,2.1,3.4,-,6.9,2.1,13.8,1.8,23.2,6.1,10,15.7,8.6,137.8
115,Benjamin Watson,TE,FA,0,17.1,10.2,9.3,2.2,8.8,8.8,8.6,11.1,-,4.3,5.9,11.4,0,17.4,9,13.1,8.6,137.2
116,Stephen Hauschka,K,FA,3,4,19,15,10,-,14,11,3,4,8,13,4,1,6,11,11,8.6,137
117,Jay Ajayi,RB,FA,-,14.6,4.5,6.4,7.9,13,10.7,8.1,13.7,-,11.1,4.3,7.6,9,10.9,13.3,-,9.7,135.1
118,Derrick Henry,RB,TEN,2.5,15.2,7.4,0.7,0.9,21.5,4.4,BYE,11.6,5.2,3.2,9.9,16.9,8,4.8,4.1,18.7,8.4,135
119,Mitch Trubisky,QB,PIT,-,-,-,-,9.3,9.7,4.6,9.9,BYE,15.9,14.5,3.1,10,21.3,10.9,18.1,7.3,11.2,134.5
120,James White,RB,FA,9.8,17.6,3.8,15.4,13,8.5,15.7,13.7,-,10.8,1.3,2.5,9,10.1,2.8,-,-,9.6,134
121,Jared Cook,TE,FA,10.6,6.5,14.3,7.6,3.5,3.4,16.7,9.7,20.6,-,5.6,1.2,1.9,18.5,3.7,2.5,6.5,8.3,132.8
122,Keelan Cole Sr.,WR,LV,0,3.3,2.3,2,1.4,1.7,8.4,-,7.7,9.1,5.4,5,13.9,18.9,31.6,16.8,5.3,8.3,132.8
123,Martavis Bryant,WR,DAL,3.4,18.8,5,7.8,8.4,4.7,1.5,-,-,8.3,5,14.1,8,9.3,15.9,9.8,12.5,8.8,132.5
124,Eric Ebron,TE,FA,2.9,15.2,2.9,4.7,1.6,1.9,-,7.8,6.5,11.9,8.9,7.4,7.8,17.4,14.3,19.3,1.9,8.3,132.4
125,Seattle Seahawks,DST,SEA,7,8,-1,20,14,BYE,7,13,11,8,2,9,9,1,0,20,3,8.2,131
125,Pittsburgh Steelers,DST,PIT,17,8,6,14,5,9,9,5,BYE,6,15,3,3,-1,4,18,10,8.2,131
125,Graham Gano,K,NYG,11,9,8,10,10,12,3,5,9,10,-,11,3,8,7,10,5,8.2,131
128,DeVante Parker,WR,NE,-,12.5,21.6,12.9,1.6,-,-,-,12.6,12.6,6.6,1.5,1.5,8,14.9,11.3,12.4,10,130
129,Rex Burkhead,RB,FA,3.3,13.4,-,-,-,-,5.2,15.3,-,15.3,7.7,19.3,25.3,16.3,8.7,-,-,13,129.8
130,Aaron Rodgers,QB,NYJ,16.5,18.5,24.8,23.1,24,0.7,-,-,-,-,BYE,-,-,-,21.9,-,-,18.5,129.6
131,Adam Humphries,WR,FA,-,3.8,12.8,13,8.1,11.1,1.3,6.6,3.4,3.7,3.1,7.8,7.3,5.5,15.9,8.1,17.2,8,128.7
132,Hunter Henry,TE,NE,0,15,0,9.6,13.2,14,11.3,3.1,BYE,1.7,4.5,18.6,15.1,15,5.8,-,-,9.1,126.9
133,Ryan Grant,WR,FA,10.1,8.1,6.1,9.6,-,6.9,4.9,8.8,6.9,5.5,14.9,1.3,18.6,3.8,4,12.5,4.3,7.9,126.3
134,Trevor Siemian,QB,NYJ,22.7,22.6,7.6,11.3,-,15.9,5.7,7.9,-,-,BYE,14.9,3.6,13.3,0.7,-,-,11.5,126.1
135,Chicago Bears,DST,CHI,2,4,9,-2,7,15,30,7,BYE,3,5,6,5,11,7,14,2,7.8,125
135,Adam Vinatieri,K,FA,3,8,7,5,18,12,-,11,10,6,-,11,4,1,8,11,10,8.3,125
135,Carolina Panthers,DST,CAR,15,10,0,2,8,4,12,16,5,2,BYE,11,3,12,11,13,1,7.8,125
138,Brett Hundley,QB,FA,-,-,-,0,-,4.6,11.9,-,18,14.1,3.5,22.4,8,25.7,-,6,10.4,11.3,124.4
138,Tyler Kroft,TE,MIA,1.5,0,5.8,24.8,7.8,-,12.3,9.6,9.9,1.4,9.2,10.4,5,0,2.1,1.3,23.3,7.8,124.4
140,Ameer Abdullah,RB,LV,7.1,8.6,11.6,19.9,4.4,5.4,-,6.8,10.7,12.5,11.5,7.3,-,-,5.1,3.6,9.9,8.9,124.4
141,Travis Benjamin,WR,FA,13.3,2.1,16.4,4.1,5.2,0,11.6,18.8,-,1.3,3.8,8.6,10.8,6.3,2.4,-0.4,20,7.8,124.3
142,Vernon Davis,TE,FA,0,2.3,16.8,10.9,-,7.5,10.7,4,13.2,14.6,9.7,0,3.5,10.6,1.8,12.2,4,7.6,121.8
143,Josh Doctson,WR,FA,0,0,12.2,4.7,-,8.1,6.9,7.1,8.9,7,12.1,10.8,11.6,6.4,2.2,14.1,7.7,7.5,119.8
144,Austin Hooper,TE,LV,20.8,2.7,1.9,10,-,11.8,1.6,14.7,6.6,16.9,1.9,6.8,5.1,4.3,3.2,4.8,6.5,7.5,119.6
145,Tyler Lockett,WR,SEA,1.8,12.4,5,13.1,6.3,BYE,8.4,17.9,3,2.6,7.7,0.2,9.7,20,2.8,1.9,5.5,7.4,118.3
146,Kansas City Chiefs,DST,KC,3,11,12,9,4,4,0,20,0,BYE,6,3,-4,10,14,8,18,7.4,118
147,Minnesota Vikings,DST,MIN,2,2,9,7,6,14,6,8,BYE,2,8,7,4,3,17,15,7,7.3,117
148,New England Patriots,DST,NE,1,2,6,5,3,9,6,10,BYE,6,9,17,13,2,4,10,13,7.3,116
148,Albert Wilson,WR,FA,8.7,4.6,10.4,10.9,3.8,-,13.3,0,-,-,-,12.6,5.7,12.2,2.5,6.6,24.7,8.9,116
150,Emmanuel Sanders,WR,FA,5.6,24.2,14.5,6.7,-,12.6,-,-,4,19.7,3.5,4.2,3.1,2.6,13.8,-,-,9.5,114.5
151,William Fuller V,WR,FA,-,-,-,19.9,20.2,14.2,-,29.5,5.2,3.5,-,-,-,5.6,9.4,2,3.7,11.3,113.2
152,Arizona Cardinals,DST,ARI,8,10,0,6,2,6,2,BYE,13,5,4,10,3,11,4,24,3,6.9,111
152,Tennessee Titans,DST,TEN,2,9,1,0,9,4,12,BYE,7,6,-1,11,10,12,3,9,17,6.9,111
154,Chris Hogan,WR,FA,3.5,18.8,22.8,17,21.4,2.9,11.1,11,-,-,-,-,-,1.1,-,-,-,12.2,109.6
155,Brandon McManus,K,JAC,6,6,10,11,-,4,0,7,15,10,6,2,3,14,6,3,6,6.8,109
155,Washington Commanders,DST,WAS,12,7,14,4,BYE,5,4,4,7,0,3,13,-3,9,10,14,6,6.8,109
157,Samaje Perine,RB,DEN,0,7.7,4.5,2.7,BYE,13.7,0,0,0.9,7,19.6,16,9.9,9.2,8.6,8.4,0.3,6.8,108.5
158,Austin Ekeler,RB,LAC,3.8,0,1.6,13.8,5.8,1.9,14.4,3.1,BYE,26.9,13.8,10,6,4.9,0.9,0,0,6.7,106.9
159,George Kittle,TE,SF,7.7,3.3,1.8,5.5,21.3,8.6,2.6,4.2,5.7,-,BYE,2.4,4,3,9.2,13.2,14,7.1,106.5
160,Tampa Bay Buccaneers,DST,TB,0,19,-1,0,8,8,2,3,6,14,18,1,5,6,2,5,10,6.2,106
160,Dallas Cowboys,DST,DAL,12,2,7,-3,5,BYE,15,18,5,3,-1,0,13,8,1,4,17,6.6,106
160,Denver Broncos,DST,DEN,4,13,4,9,BYE,5,3,5,6,-3,4,4,13,18,5,4,12,6.6,106
163,Wayne Gallman Jr.,RB,FA,-,-,-,13,13.2,5.2,4.9,-,2.1,2.2,3.2,6.3,2.9,16.9,13.9,12.2,8.9,8.1,104.9
164,Ka'imi Fairbairn,K,HOU,1,8,16,18,2,6,BYE,8,2,1,7,10,8,6,1,0,10,6.5,104
164,Buffalo Bills,DST,BUF,9,10,8,14,8,BYE,7,15,0,-2,-3,8,5,5,10,6,4,6.5,104
166,Matt Breida,RB,NYG,1.1,4.8,5.9,3,10.1,5.6,0.5,15.6,3.9,12.8,-,3.4,5.9,2.7,1.6,15.2,11.4,6.5,103.5
167,Marlon Mack,RB,ARI,11.5,1.8,-,-,16.3,1.8,10.6,15.3,2.9,4.6,-,5.1,6.4,6.4,1.4,7.4,11.8,7.4,103.3
168,O.J. Howard,TE,FA,-,2.7,2.2,14.3,0,2.5,27.8,3.6,-0.4,0,14.2,8.2,2.7,13.4,10,-,-,7.2,101.2
169,Allen Hurns,WR,FA,7.2,20.2,11,8.2,4.1,6.7,15.1,-,6.1,14,-,-,-,-,-,-,6.8,9.9,99.4
170,Atlanta Falcons,DST,ATL,5,13,3,4,BYE,3,2,6,6,16,12,2,3,5,4,3,12,6.2,99
171,Jesse James,TE,FA,22.1,6.7,3.9,7,5.4,0,0,6.2,-,0,13.1,6.2,2.3,19.7,2.7,0,2.9,6.1,98.2
172,J.D. McKissic,RB,FA,-,-,-,19.5,6.6,-,5.3,2.2,4.6,8.6,10.3,8.6,8.4,8.5,8.8,0,5.9,7.5,97.3
173,Cincinnati Bengals,DST,CIN,4,7,14,8,9,BYE,-1,13,2,6,9,5,3,1,3,5,9,6.1,97
173,Cody Parkey,K,FA,-,15,0,0,5,9,7,0,5,3,8,5,7,10,11,8,4,6.1,97
175,Trent Taylor,WR,CHI,1.8,2.6,12.2,9.7,1.6,3.1,6.9,6.3,4.2,-,-,5.5,15.2,3.1,8,10.9,4.9,6.4,96
176,David Njoku,TE,CLE,4,11.7,9.2,3.1,13.9,2,7.8,3.9,BYE,1.3,2.3,8.7,17.4,1.3,0,2.3,5.8,5.9,94.7
177,Kenny Golladay,WR,FA,22.9,1.8,4.5,-,-,-,-,-,-,8.4,7.2,8.1,6.4,5.6,6.9,6.8,16,8.6,94.6
178,J.J. Nelson,WR,FA,15.3,23,0,6.4,11.4,1.6,5.9,-,2.5,2.7,2.4,2.4,6.2,4.6,6.3,0,2.8,5.8,93.5
179,Chris Godwin,WR,TB,BYE,0,7.4,0,1.8,1.9,1.5,1.8,1.9,11.8,5.8,2.7,4.4,11.8,2.8,12.8,24.1,5.8,92.5
180,Corey Clement,RB,FA,0,0,8.2,3,4.9,0.2,8.5,5.4,25.6,-,13,4.9,6.7,6.2,2.8,3,0,5.8,92.4
180,Rod Smith,RB,FA,0,0.8,0,0,2.8,-,7.6,0,0,6.9,1.1,12.8,8.7,33,12.4,6.3,-,6.2,92.4
182,Green Bay Packers,DST,GB,9,2,6,10,12,4,6,BYE,2,6,5,6,16,6,0,4,-2,5.8,92
183,Ty Montgomery II,RB,FA,19.3,29,13,2.8,-,4.1,2.5,-,6.1,14.8,-,-,-,-,-,-,-,11.5,91.6
184,Cole Beasley,WR,FA,6.2,7.3,1.4,4.7,18.3,-,3.4,2.8,18.4,4.3,2.7,3.9,3.4,8.9,2.5,3.2,-,6.1,91.4
185,Devontae Booker,RB,FA,-,-,-,1.4,-,12,5.8,14.4,5,3.9,14.8,5.3,1.8,5.4,5.9,10.1,5.6,7,91.4
186,Randy Bullock,K,NYG,0,9,7,8,8,-,2,6,-,2,2,13,9,1,1,16,7,6.1,91
187,Miami Dolphins,DST,MIA,0,2,6,2,20,5,6,0,5,-4,1,7,27,7,2,0,4,5.3,90
188,C.J. Beathard,QB,JAC,-,-,-,0,-,13.2,14.4,10.7,17.4,25,-,8.1,-,-,-,-,-,12.7,88.8
189,New York Giants,DST,NYG,2,5,5,1,4,21,3,BYE,-4,3,11,15,3,-1,0,7,13,5.5,88
190,Jimmy Garoppolo,QB,LV,-,-,-,-,-,-,-,-,-,-,-,5.1,10.5,15.1,19.6,22,15.6,14.7,87.9
191,Marcedes Lewis,TE,CHI,0,0,28.2,0,2.4,0,10.9,-,7.9,4.9,10.6,2,10.6,0,3.8,3.2,3.3,5.5,87.8
192,T.J. Yeldon,RB,FA,-,-,-,-,-,-,21.7,-,5.2,11,3,10.2,4.5,0.9,9.2,20.7,1.3,8.8,87.7
193,Josh Lambo,K,FA,-,-,-,-,-,-,10,-,13,6,7,7,10,14,9,6,5,8.7,87
194,Jalen Richard,RB,FA,3.8,18.9,1.8,3.7,3.7,5.6,11.6,8.6,1.4,-,4.8,11,1.9,0,4.1,3.6,1.6,5.4,86.1
195,Cordarrelle Patterson,RB,ATL,1.7,13.3,2.2,9.5,0,13,1.9,3.7,0,-,8.5,10.2,13.8,3.8,1.3,1.7,1.4,5.4,86
195,Indianapolis Colts,DST,IND,2,7,6,8,2,5,5,9,8,5,BYE,5,0,8,4,2,10,5.4,86
197,Peyton Barber,RB,FA,-,4.7,0,0.2,0,0,0,0,7.4,-0.2,3.1,12.7,18.3,7.3,7.8,7.5,16.9,5.4,85.7
198,DeAndre Washington,RB,FA,4.2,6.5,7.4,0.4,-,1.2,13,20.8,2.4,-,3.9,7.6,7.6,2.9,3.9,0.9,2.3,5.7,85
199,Mason Crosby,K,NYG,6,5,9,5,5,4,6,BYE,5,14,0,4,8,3,6,0,4,5.3,84
199,Aldrick Rosas,K,FA,3,4,7,5,2,14,1,-,7,9,6,4,7,4,5,0,6,5.3,84
201,Bennie Fowler III,WR,FA,17.1,1.8,9.5,5.5,-,5.1,9.5,5.5,0,0,2.8,12.3,3.3,0,0,0,9.6,5.1,82
201,Houston Texans,DST,HOU,0,9,9,19,-3,22,BYE,0,12,2,6,1,4,4,-3,-1,1,5.1,82
203,Taylor Gabriel,WR,FA,6.6,4.1,18.9,0,-,7.9,3.9,0.7,8.9,10.3,2.7,4.6,2.1,2.9,3.9,4.2,0,5.1,81.7
204,Dan Bailey,K,FA,15,7,4,6,8,-,2,-,-,-,-,0,8,6,9,16,0,6.8,81
205,Aaron Jones,RB,GB,-,0,0,10.9,20.4,5.2,22.8,BYE,3.1,2.2,-,-,8,-0.2,6.3,1.3,-,6.7,80
206,Trey Burton,TE,FA,0,2,2.7,0,9.6,1.9,1.7,4.1,12.1,-,2,-,8.2,24.1,9.5,0,1.9,5.3,79.8
207,San Francisco 49ers,DST,SF,4,7,0,9,6,5,-4,5,5,5,BYE,2,3,6,3,12,11,4.9,79
208,Adrian Peterson,RB,FA,1.8,2.6,5.7,0.4,-,25.4,4.3,-,16.7,3.2,4.9,13.9,-,-,-,-,-,7.9,78.9
209,Zane Gonzalez,K,FA,4,4,4,1,2,6,12,4,-,6,1,10,4,3,5,4,8,4.9,78
210,Donte Moncrief,WR,FA,6,3.8,6.4,12,6.2,11.7,5,0,1.7,13,-,2.6,8.7,-,-,-,-,6.4,77.1
211,Elijah McGuire,RB,FA,0,4.6,1.4,21.1,5,2.2,0.7,0.2,4.9,9.8,-,4.4,4,-0.3,16.2,-2,4,4.8,76.2
212,Odell Beckham Jr.,WR,BAL,-,7.6,28.9,16,21.5,-,-,-,-,BYE,-,-,-,-,-,-,-,18.5,74
212,Cleveland Browns,DST,CLE,4,6,4,4,6,9,8,3,BYE,5,8,0,2,1,1,7,6,4.6,74
214,Ryan Fitzpatrick,QB,FA,-,-0.2,-,-,-,20.8,-,-,9.7,10.4,19.9,13.3,-,-,-,-,-,12.3,73.9
215,New York Jets,DST,NYJ,4,-4,14,4,8,4,6,5,13,4,BYE,2,1,2,5,1,2,4.4,71
216,Zay Jones,WR,JAC,3.1,3.8,0,2.8,1.9,-,3.7,6.2,17.3,-,10.8,12.3,4.2,0,0,0,4.5,4.7,70.6
217,John Brown,WR,FA,8.2,-,-,7.7,10.6,15.3,1.6,-,6.2,4.7,4.8,-,-,-,-,10.8,0,7,69.9
218,Kyle Juszczyk,RB,SF,3.7,0,4.4,5.3,9.7,-,-,1.2,0,5.7,BYE,2.8,5.3,9.4,3.6,12.6,5.9,5,69.6
219,Corey Davis,WR,FA,12.9,1.4,-,-,-,-,-,-,4.8,6.8,5.7,7.9,3.2,5.9,5.8,15.1,0,6.3,69.5
220,Rashard Higgins,WR,FA,-,16.9,3,0,2.7,2.3,2.1,2.4,-,7.4,0,5,0,0,3,2,21.8,4.6,68.6
221,Las Vegas Raiders,DST,LV,2,9,5,5,0,4,0,-1,3,-,0,8,8,6,7,10,2,4.3,68
222,Dede Westbrook,WR,FA,-,-,-,-,-,-,-,-,-,-,6.5,10.1,13.8,19.1,4.1,11.4,1.9,9.6,66.9
223,Corey Coleman,WR,FA,16.3,1.9,-,-,-,-,-,-,-,-,14,9.4,0,17.2,2.6,1.3,2.8,7.3,65.5
224,Dalvin Cook,RB,BAL,16.7,8.4,27.9,12.4,-,-,-,-,-,BYE,-,-,-,-,-,-,-,16.4,65.4
225,Dontrelle Inman,WR,FA,-,0,1.2,1.7,0,-,-,-,-,14.8,7.3,10.4,10.1,0,1.5,3.9,14.4,5.4,65.3
226,Stephen Anderson,TE,LAC,3.4,-,2.4,4.8,8.3,3.7,-,2.1,8.4,5,3.2,0,18.9,3.6,0,0,1.4,4.3,65.2
227,Nick O'Leary,TE,FA,3.2,0,4.1,0,10.4,-,7.8,1.5,7.1,7.7,1.8,3.8,-,1.9,5.3,0,9.6,4.3,64.2
228,Dustin Hopkins,K,CLE,5,10,9,9,-,9,-,-,BYE,-,-,-,-,-,8,9,5,8,64
229,Brian Hoyer,QB,LV,3.2,2,26.2,7.7,22.1,1.4,-,-,-,1.5,0,-,-0.2,-,-,-0.1,0.2,5.8,63.9
230,Blaine Gabbert,QB,KC,-,-,-,-,-,-,-,-,-,BYE,19.6,17.3,10,8.3,6.4,-,-,12.3,61.6
231,Tyler Higbee,TE,LAR,3.7,0,1.4,7.7,13.8,1,4.3,BYE,7.8,4.2,1.5,7.8,1.6,0,2.2,3.5,0,3.8,60.5
232,Justin Hardy,WR,FA,0,2.9,0,9.2,-,6.4,4.1,0,4.6,8.7,5.7,0,0,0,11.3,2,5.2,3.8,60.1
232,Jordan Reed,TE,FA,8.6,10.8,-,5.1,-,7.7,26.4,1.5,-,-,-,-,-,-,-,-,-,10,60.1
234,Chris Moore,WR,TEN,0,-,0,-,-,7.4,11.1,0,2.6,-,0,6.7,5.8,13.8,0,4.9,7.6,4.6,59.9
235,Damien Williams,RB,FA,-,0,2.1,0.1,3.8,5.3,4,0.9,18.1,5.9,11.2,8.2,-,-,-,-,-,5.4,59.6
236,Chester Rogers,WR,FA,-,-,-,-,-,0,4.1,2.9,2.7,22.7,-,6.4,7.3,2.6,0.7,2.9,5.9,5.3,58.2
237,Josh Gordon,WR,FA,-,-,-,-,-,-,-,-,-,-,-,-,12.5,15.9,9.7,3.9,15.5,11.5,57.5
238,Jordan Matthews,WR,CAR,8.1,6,9.1,9,-,-,3,5.1,8.6,2.4,BYE,3.5,2.4,-,-,-,-,5.7,57.2
239,D'Onta Foreman,RB,CHI,0.4,4,11,4.5,2.7,5.9,-,0,3.7,1.8,23,-,-,-,-,-,-,5.7,57
240,Tyler Boyd,WR,CIN,2.1,-,2.1,3.5,2.6,BYE,-,-,-,-,1.5,9.7,3.5,2.5,-,8.9,20.1,5.7,56.5
241,Luke Willson,TE,FA,0,5.5,14.3,7.6,0,-,2.3,0,8,0,1.9,0,0,2.2,9.6,2.9,0,3.4,54.3
242,Mike Nugent,K,FA,-,-,-,-,-,-,-,16,4,1,11,-,-,9,5,2,6,6.8,54
243,Jason Myers,K,SEA,12,5,15,8,7,6,-,-,-,-,-,-,-,-,-,-,-,8.8,53
244,Darren Fells,TE,FA,0,1.3,1.8,8,16.4,10.6,-,2.2,2,0,1.9,0,3,3.3,0,0,2.2,3.3,52.7
245,Mike Davis,RB,FA,-,-,-,-,-,-,-,-,-,-,7.9,-,14.1,7.5,5.9,8.3,8.4,8.7,52.1
246,Gerald Everett,TE,LAC,4.9,12.5,0,1.8,1.8,7.4,0,-,6.7,0,1.8,1.9,8.7,1.6,0,0,2.6,3.2,51.7
247,Drew Stanton,QB,FA,-,-,-,-,-,-,1,-,14.2,15,-,-,-,-,-,12.5,7.7,10.1,50.5
248,Nick Boyle,TE,FA,2.4,1.9,3.4,8.6,1.9,5.5,3.2,6.9,-,-,1.2,1.9,2.1,1.1,1.9,3.9,4.4,3.4,50.3
249,Ricky Seals-Jones,TE,FA,-,-,0,0,0,-,-,-,-,-,20.4,17.2,6.4,3,3.1,0,0,5,50.1
250,Taywan Taylor,WR,FA,3.4,6.8,3.5,0.6,0.5,14.1,7.5,-,0.6,5.8,0,1.8,3.5,0,0.8,0,0.5,3.1,49.4
251,Wendell Smallwood,RB,FA,1.9,1.1,9,17.9,-,-,5.9,2.4,2.5,-,-,-,-,-,-,-,6,5.8,46.7
252,Demetrius Harris,TE,FA,9.5,0,0,0,5.1,0,3.6,0,0,-,0,5.3,0,3.5,1.7,7.4,10.3,2.9,46.4
253,Geronimo Allison,WR,FA,-,5.4,18.2,0,0,1.7,2.4,-,0,0,0,0,0,6.9,6.3,1.9,3.5,3.1,46.3
254,Jonnu Smith,TE,ATL,0,11,9.4,0,7.1,2,4.2,-,0,4,0,0,0,0,1.5,2.3,4.2,2.9,45.7
255,Malcolm Brown,RB,FA,7.6,0.6,-,2.4,4.9,1.7,6.5,-,5.7,-,-,-,-,0.5,4.5,0.4,10.1,4.1,44.9
256,Mack Hollins,WR,ATL,0,6.2,0,0,0,5.8,13.4,5,1.8,-,1.7,3.2,2,0,0,0,5.5,2.8,44.6
257,Jakeem Grant Sr.,WR,CLE,-,0,2.2,0,0.9,1.4,0,0,0,0,-2,0,0.2,12.2,3,21,5.6,2.8,44.5
258,Adam Shaheen,TE,FA,0,0,7.2,0,0,0,0,0,-,5.9,14.1,1.1,0,14.4,-,-,-,3.3,42.7
259,Tavon Austin,WR,FA,0.8,0.8,-0.6,5.6,11.1,0,6.2,-,4.3,0.2,0,4.6,0.8,-2.3,4.4,0,6.8,2.7,42.7
260,Demarcus Robinson,WR,LAR,0,0,2.9,0,2.6,2.6,11.9,1.5,3.8,-,1.7,4.4,3.7,0,0,0,7.1,2.6,42.2
261,Greg Olsen,TE,FA,3.8,2,-,-,-,-,-,-,-,-,-,2,-,0,26.6,5.7,2,6,42.1
262,Kendrick Bourne,WR,NE,0,-,-,-,-,-,0,0,5.9,7.2,-,4.2,0,4.9,12.5,2.2,4.8,3.8,41.7
263,Matt Moore,QB,FA,-,-,-,-,-,-,13.5,3,-,-,15.3,9.5,-,-,-,-,-,10.3,41.3
264,Laquon Treadwell,WR,BAL,1.7,6.3,1.2,0,0,8.1,5.8,3.1,-,0,3,0,1.9,4.3,0,0,4.6,2.5,40
265,Chris Carson,RB,FA,5.9,11,13.2,9.6,-,-,-,-,-,-,-,-,-,-,-,-,-,9.9,39.7
266,Virgil Green,TE,FA,5.4,9.1,4.8,0,-,3.4,1.7,2.6,0,0,3.3,2.6,4.6,0,0,0,1.6,2.4,39.1
267,Vance McDonald,TE,FA,0,-,0,0,0,3.6,5.7,-,-,9.6,-,-,-,9.2,-,9.2,1.5,3.9,38.8
268,Ryan Griffin,TE,FA,0,-,17.1,3.3,4.2,10.2,-,2,0,-,-,-,-,-,-,-,-,5.3,36.8
269,Alex Erickson,WR,LAC,0,10.4,0,0,1.6,-,3.2,-0.6,0,2,12.2,2.8,0,1.9,2.1,0,0,2.2,35.6
270,James O'Shaughnessy,TE,FA,2.8,0,2.2,0,0,3.1,0,-,1.6,0,2.2,1.7,3.9,0,2.5,14.9,0,2.2,34.9
271,Richard Rodgers,TE,FA,0,4.2,0,0,2.6,0,0,-,1.5,1.8,1.3,3.5,1.4,0,17.7,0,-,2.3,34
272,Nick Foles,QB,FA,-,-,-,-,-,-,-,-0.2,-0.7,-,-,-1.5,-,2.6,25.5,8.5,-0.4,4.8,33.8
273,Kevin Hogan,QB,FA,-,7.2,-,2.6,16.8,7.2,-,-,-,-,-,-,-,-,-,-,-,8.4,33.8
274,Mike Glennon,QB,FA,12.5,10,6.4,4.7,-,-,-,-,-,-,-,-,-,-,-,-,-,8.4,33.7
274,Damiere Byrd,WR,HOU,0,0,0,1.2,-,-,BYE,-,-,-,-,-,2.2,8.7,17.5,4.1,-,4.2,33.7
276,Curtis Samuel,WR,WAS,0,2.7,5.6,-,0,0.8,3,4.6,6.7,9.5,-,-,-,-,-,-,-,3.7,32.9
277,D.J. Foster,RB,FA,-,-,-,-,-,-,-,-,-,-,4.6,5.2,4.5,3.3,6.2,5.4,3,4.6,32.2
277,Elijhaa Penny,RB,FA,0,0,0,0.1,1.6,0,0,-,0,0,0,0,6.4,3.9,4.5,5.8,9.9,2,32.2
279,Phillip Dorsett II,WR,DEN,0,10.5,0,2.7,0,0,0,0,-,3.6,0,4.9,0,-,1.4,3.4,5.6,2.1,32.1
280,Nick Vannett,TE,LAC,2,0,0,0,2.3,-,2.2,1.8,0,4.2,0,10.9,7,0,0,0,-,2,30.4
281,Levine Toilolo,TE,FA,0,0,0,5.1,-,0,0,4,1.8,2,11.1,0,4.5,1.7,0,0,-,2,30.2
282,Josh Hill,TE,FA,0,5.9,1.3,0,-,0,0,5.9,0,-1.2,6.5,0,-0.2,3.4,3.2,3.1,1.8,1.9,29.7
283,Nick Folk,K,TEN,-,14,6,7,2,-,-,BYE,-,-,-,-,-,-,-,-,-,7.3,29
284,Chris Conley,WR,SF,6.3,9.5,0,5.1,7.6,-,-,-,-,-,BYE,-,-,-,-,-,-,5.7,28.5
285,Maxx Williams,TE,FA,1.5,6.3,-,-,-,-0.4,-,-,5.9,-,2.6,2.2,1.1,0,0.4,8.6,0,2.6,28.2
286,Josh Reynolds,WR,DET,0,3.8,0,0,0,0,0,-,0,0,0,13.7,2.6,3.7,0,0,3.6,1.7,27.4
287,Tommylee Lewis,WR,FA,7.2,2.6,5.3,1.1,-,-,0,0,0,0,0,0,1.2,11,0.6,0,-2,1.8,27
288,Eric Tomlinson,TE,IND,4.5,-,-,0,4.4,0,3.6,9,1.6,0,BYE,0,0,0,0,0,3,1.9,26.1
289,Cairo Santos,K,CHI,6,9,6,-,-,-,-,-,BYE,-,-,3,2,-,-,-,-,5.2,26
290,Daniel Brown,TE,FA,0,0,-,-,0,0,0,1.9,-,4.3,4.3,4,2.3,2.9,6.2,0,0,1.9,25.9
291,C.J. Uzomah,TE,NYJ,-,-,0,2.1,3.1,-,1.7,0,0,0,0,0,3.1,0,6.4,7.1,1.7,1.8,25.2
292,Kenjon Barner,RB,FA,-,-,-,0,2.3,2.6,0.4,3.1,0,-,9.6,0,0,0,2.1,0,2.2,1.7,22.3
293,Jaydon Mickens,WR,IND,-,-,-,-,-,-,0,-,0,2.1,0,-2,0,0,22.1,1.5,-2,2.2,21.7
294,Paul Perkins,RB,FA,4.5,4.2,5,2.9,-,-,-,-,0,0,-,0,1.2,0,-,1,2.8,2,21.6
295,C.J. Ham,RB,MIN,0,6.1,2.2,0,2.1,0,2.2,0,BYE,0.3,0.8,0,2.3,1.9,1.6,0,1.6,1.3,21.1
296,Anthony Sherman,RB,FA,0,0,2.1,0,0,0,0,0,0,-,2.1,1.4,0,0,0,0,15.1,1.3,20.7
297,Mike Williams,WR,LAC,-,-,-,-,-,2.5,0,1.7,BYE,4.4,8.8,0,-,1.3,0,0,1.8,2.1,20.5
298,Logan Thomas,TE,WAS,0,0,0,0,1.3,-,9.2,1.7,4.5,0,-,-,3,0,0,-,-,1.6,19.7
299,Younghoe Koo,K,ATL,3,6,4,6,BYE,-,-,-,-,-,-,-,-,-,-,-,-,4.8,19
300,Josh Malone,WR,FA,-,-,-,-,-,-,0,11.5,2.3,1.6,0,0,2.9,0,0.4,-0.2,0,1.7,18.5
301,Chad Hansen,WR,FA,0,0,-,0,0,0,0,0,0,6.3,-,0,4.5,0,5.1,0,2.5,1.2,18.4
302,Pharoh Cooper,WR,FA,0,0,-0.6,0,4.2,0,0,-,1.9,3.2,0,1.9,1.3,1.1,0,0,5,1.1,18
303,Breshad Perriman,WR,FA,1.5,0,0,1.6,3.5,0,-,0,5.8,-,-,0,-,-,1.9,3.4,-,1.6,17.7
304,Jerell Adams,TE,FA,0,4.8,0,0,2.1,1.6,0,-,0,0,1.6,0,0,0,0,7.1,0,1.1,17.2
304,Patrick Ricard,RB,BAL,0,0,0,0,0,0,0,1.1,0,BYE,0,0,7.3,7.6,0,0,1.2,1.1,17.2
306,C.J. Prosise,RB,FA,1.1,5.2,10.4,-,-,-,0,-,-,0.3,-,-,-,-,-,-,-,3.4,17
307,Lee Smith,TE,FA,0,1.9,0,3.5,0,0,0,3.1,0,-,0,2.2,0,0,1.3,3.6,0,1,15.6
308,Willie Snead IV,WR,SF,-,-,-,-,-,2.1,-,0,-2,0,2.2,1.9,5.1,1,3.3,1.6,0,1.4,15.2
309,Derek Carrier,TE,FA,2.2,1.9,2.7,0,0,0,0,-,1.5,-,-,0,2.4,0,1.4,0,3,1.1,15.1
310,Andy Janovich,RB,FA,0,0,0.2,0,-,0,3.7,0,0,0.3,0,0.4,0,6.1,-0.1,4.1,0,0.9,14.7
311,Roosevelt Nix,RB,FA,0,0,0,0,0,0,0,0,-,0,0,0,0,7.1,0,6.1,1.4,0.9,14.6
312,Ross Travis,TE,FA,0,0,0,0,4.6,0,1.3,0,1.3,-,2.1,0,-,0,5.3,0,0,1,14.6
313,James Conner,RB,ARI,1.1,0.9,0,2.6,0.9,1.4,1.9,0.1,-,1.2,1.2,0,1.2,0.6,1.3,-,-,1,14.4
314,Mike Thomas,WR,FA,-,-,-,-,-,0,-,-,-,-,2.2,0,0,1.6,0,0,10.5,1.8,14.3
315,Marvin Hall,WR,FA,-,-,-,-,-,11,-,0,-,0,0,-,3,0,0,0,-,1.8,14
316,Tyler Ervin,RB,FA,6.6,4.6,1.8,0,-,-,-,-,-,-,-,-,-,-,-,-,-,3.3,13
316,David Johnson,RB,FA,13,-,-,-,-,-,-,-,-,-,-,-,-,-,-,-,-,13,13
316,Luke Stocker,TE,FA,-,0,0,0,0,1.5,0,0,9.3,0,-,-,-,-,0,0,2.2,1.1,13
319,Trey Edmunds,RB,FA,0,0,0,0,-,0,0,0,0,10.8,0,0,0,0,0,0,0,0.7,10.8
320,Nathan Peterman,QB,CHI,-,-,-,-,-,-,-,-,BYE,7.2,-7,-,2.9,7.3,-,-,-,2.6,10.4
321,Patrick Mahomes II,QB,KC,-,-,-,-,-,-,-,-,-,BYE,-,-,-,-,-,-,10.4,10.4,10.4
322,Sam Ficken,K,FA,-,-,-,-,-,-,-,-,-,-,-,-,-,-,-,3,7,5,10
323,James Develin,RB,FA,0,1.6,0,3.4,0,0,0,0,-,3.6,0,0,0,1.2,0,0,0,0.6,9.8
324,Geno Smith,QB,SEA,-,-,-,-,-,BYE,-,-,-0.1,-,-,-,9.8,-,-,-,-,4.8,9.7
325,Patrick DiMarco,RB,FA,1.5,0,0,-0.2,0,-,0,0,0,5.1,0,0,0,0,1.6,0.2,1.4,0.6,9.6
326,Chad Williams,WR,FA,-,2.5,1.8,-,-,-,-,-,-,-,-,1.8,0,3.3,0,-,-,1.6,9.4
327,Jeremy Sprinkle,TE,FA,-,-,0,0,-,-,-,-,0,0,7.7,0,0,0,0,1.6,0,0.8,9.3
327,Brian Hill,RB,FA,-,-,-,0,-,-,-,-,-,-,0,-,0,2,1.2,6.1,0,1.3,9.3
329,Jacob Hollister,TE,FA,-,1.5,2.9,0,0,0,0,2.3,-,0,0,0,0,0,0,2,0,0.6,8.7
330,Ryan Switzer,WR,FA,0,0,0.3,-1.7,0,-,1.5,1.7,0,0,0,-0.4,0,0,0,0,7.2,0.5,8.6
330,Tyler Eifert,TE,FA,1.4,7.2,-,-,-,-,-,-,-,-,-,-,-,-,-,-,-,4.3,8.6
332,Brandon Bolden,RB,LV,0,0,0,0,0,0,0,0,-,0.1,0,0,0,0,0,2,6.3,0.5,8.4
333,Derek Watt,RB,FA,0,0,0,0,0,0,0,0,-,2.2,1.7,0,0,0.2,0,3.6,0.2,0.5,7.9
334,Dwayne Washington,RB,DEN,2.2,0.9,-,-,BYE,-,-,2.6,0.1,2,-,-,-,-,-,-,-,1.6,7.8
335,Keith Smith,RB,ATL,0,0,0,0,3,-,0,0,0,1.1,0,0,0,1.3,2.2,0,0,0.5,7.6
336,Nate Sudfeld,QB,DET,-,-,-,-,-,-,BYE,-,-,-,-,-,-,-,-,-,7.6,7.6,7.6
337,Marcus Johnson,WR,FA,0,-,0,0,1.6,2.6,0,0,0,-,0,-,-,-,-,-,3.3,0.8,7.5
338,Noah Brown,WR,HOU,-,0,2.3,0,-,-,0,0,-,0,2.4,0,0.8,0,1.8,0,0,0.6,7.3
339,Blake Bell,TE,KC,0,0,0,2.2,0,0,0,0,-,0,0,0,0,4.7,-,-,-,0.5,6.9
340,Tanner Gentry,WR,FA,-,4.7,-,-,-,0,1.8,0,-,-,-,-,-,-,-,-,-,1.6,6.5
341,Nick Williams,WR,FA,-,-,-,6,-,-,-,-,-,-,-,-,-,-,-,-,-,6,6
342,Darrell Daniels,TE,FA,0,0,1.6,0,2.3,0,1.7,0,0,0,-,-,-,-,-,0,0,0.5,5.6
343,JoJo Natson,WR,FA,-,-,-,-,-,-,-,-,-,0,-,0.9,0,0,4.4,0,0,0.8,5.3
344,Sean Mannion,QB,SEA,-0.2,-,-,-,-,BYE,-0.1,-,-0.1,-,-,-,-,-,0.5,-,5.2,1,5.2
345,Josh Ferguson,RB,FA,-,-,-,-,-,-,0.5,0,0,0,-,0,4.6,0,0,0,0,0.5,5.1
346,Danny Vitale,RB,FA,0,0,0,0,0,1.7,2.1,0,-,0,0,0,0,1.1,0,0,-,0.3,4.9
347,Joe Webb III,QB,FA,0,0,0,0,0,-,0,0,0,0,0,0,2.7,2.1,0,0,0,0.3,4.8
348,Jamal Agnew,WR,JAC,0,0,0,0,0,0,-,2.2,0.4,0,0.5,-,-,-,1.6,0,0,0.4,4.7
349,Antony Auclair,TE,FA,-,-,-,-,0,-,-,-,-,-,0,0,2.1,0,2.4,0,0,0.6,4.5
349,Geoff Swaim,TE,ARI,0,0,0,0,0,-,1.7,2.8,0,-,0,0,0,0,0,0,0,0.3,4.5
351,Senorise Perry,RB,FA,-,0,0,0,0,0,0,0,0,0,0,0,2.2,0,0,0,2.1,0.3,4.3
352,Michael Burton,RB,DEN,0.7,0,0,0,0,1.8,0,0,-,0,0,0,0,0,0.2,0,1,0.2,3.7
352,Chris Manhertz,TE,DEN,0,0,0,0,0,0,2.1,0,0,0,-,0,0,1.6,0,0,0,0.2,3.7
354,DeAndrew White,WR,FA,-,-,-,-,-,-,-,-,-,-,-,-,-,3.4,0,-,-,1.7,3.4
355,Isaiah McKenzie,WR,IND,0,0,0.4,0,-,1,-,-2,2.4,-2,BYE,-,0,-,-,1.8,1.7,0.3,3.3
356,Allen Robinson II,WR,PIT,2.7,-,-,-,-,-,-,-,BYE,-,-,-,-,-,-,-,-,2.7,2.7
357,AJ McCarron,QB,CIN,-,-,-,0,-,BYE,-,-,-,-,-,-,-,1.9,0.8,-,-,0.9,2.6
357,Kevin White,WR,FA,2.6,-,-,-,-,-,-,-,-,-,-,-,-,-,-,-,-,2.6,2.6
359,Taiwan Jones,RB,FA,0,0,0,0,0,-,2.1,0,0,-,-,-,-,-,-,-,-,0.3,2.1
360,Garrett Griffin,TE,FA,-,-,-,-,-,-,-,-,-,-,-,-,0,-,0,-,1.4,0.5,1.4
361,Cooper Rush,QB,DAL,-,-,-,-,-,BYE,1.4,-,-,-,0,-,-,-,-,-,-,0.7,1.4
362,Raheem Mostert,RB,MIA,0,0,-0.9,0,0.3,1.6,0,0,0,0,-,0,-,-,-,-,-,0.1,1
363,Taylor Heinicke,QB,ATL,-,-,-,-,BYE,-,-,-,-,-,-,-,-,-,-,0.6,-,0.6,0.6
364,Andre Roberts,WR,FA,0,0,2.2,0,-,0,0,0,0,0,-2,0,0,0,0,0,0,0,0.2
365,Kalif Raymond,WR,DET,0,-2,-,-,-,-,BYE,-,-,-,2.1,0,0,0,0,-,0,0,0.1
366,MyCole Pruitt,TE,ATL,-,-,-,-,BYE,-,-,-,-,-,-,-,-,0,-,-,-,0,0
366,Jeremy McNichols,RB,FA,-,-,-,-,-,-,-,-,-,-,-,-,-,-,0,0,-,0,0
366,Dwayne Harris,WR,FA,0,0,0,0,0,-,-,-,-,-,-,-,-,-,-,-,-,0,0
366,Sean Culkin,TE,FA,0,-,-,-,-,-,-,-,-,-,-,-,-,-,-,-,-,0,0
366,Dare Ogunbowale,RB,HOU,-,-,-,-,-,-,BYE,-,-,-,-,-,-,-,-,0,0,0,0
366,Kyle Nelson,TE,FA,0,0,0,0,0,0,0,0,0,0,-,0,0,0,0,0,0,0,0
366,David Moore,WR,TB,BYE,-,-,-,-,-,-,-,-,-,-,-,-,-,-,-,0,0,0
366,Lance Lenoir Jr.,WR,FA,-,-,-,-,-,-,-,-,-,-,-,-,-,-,-,-,0,0,0
366,Tyrone Swoopes,TE,FA,-,-,-,-,-,-,-,-,-,-,-,-,-,-,-,-,0,0,0
366,Cethan Carter,TE,FA,0,0,0,0,0,-,0,0,0,0,0,0,0,0,0,0,0,0,0
366,Eric Saubert,TE,HOU,0,0,0,0,-,0,0,0,0,0,0,0,0,-,0,-,0,0,0
366,Pharaoh Brown,TE,NE,-,-,-,-,-,-,-,-,BYE,-,-,-,-,-,-,0,0,0,0
366,Clark Harris,TE,FA,0,0,0,0,0,-,0,0,0,0,0,0,0,0,0,0,0,0,0
366,Matthew Slater,WR,NE,-,-,-,-,0,0,0,0,BYE,0,-,-,-,0,0,0,0,0,0
366,Marcus Kemp,WR,FA,-,-,-,-,-,0,-,-,-,-,-,-,-,-,-,-,-,0,0
366,Matt LaCosse,TE,FA,-,-,-,-,-,0,0,-,0,-,-,-,-,-,-,0,0,0,0
366,Krishawn Hogan,WR,FA,-,-,-,0,0,-,-,-,-,-,-,-,-,-,-,-,-,0,0
366,Johnny Mundt,TE,MIN,-,-,-,-,-,-,-,-,BYE,0,0,-,-,-,-,-,-,0,0
366,Blake Jarwin,TE,FA,-,-,-,-,-,-,-,-,-,0,-,-,-,-,-,-,-,0,0
366,Taysom Hill,TE,NO,-,-,-,-,BYE,-,-,-,-,-,-,-,0,0,0,0,0,0,0
366,Colt McCoy,QB,FA,-,-,-,-,-,-,-,-,-,-,-,-,0,-,-,-,-,0,0
366,Beau Brinkley,TE,FA,0,0,0,0,0,0,0,-,0,0,0,0,0,0,0,0,0,0,0
366,Cody Core,WR,FA,0,0,0,0,0,-,0,-,0,0,0,0,0,0,0,-,-,0,0
366,Victor Bolden Jr.,WR,FA,-,0,0,0,0,0,-,-,0,0,-,-,0,0,-,-,-,0,0
366,Evan Baylis,TE,FA,-,0,-,-,-,-,-,-,-,-,-,-,-,-,-,-,-,0,0
366,Justin Hardee,WR,NYJ,-,-,0,0,-,0,0,0,0,0,0,0,0,0,0,0,0,0,0
366,Alex Armah Jr.,RB,WAS,-,-,0,0,0,0,0,-,0,0,-,-,0,-,-,-,0,0,0
393,Chase Daniel,QB,FA,-,-,-,-,-,-,-,-,-,-0.2,-,-,-,-,-,-,-,-0.2,-0.2
394,Chad Henne,QB,FA,-,-,-0.3,-,-,-,-,-,-,-,-,-,-,-,-0.2,-,-,-0.3,-0.5
395,John Ross,WR,FA,-,-0.8,-,-,-,-,-,0,-,0,-,-,-,-,-,-,-,-0.3,-0.8
396,Jake Rudock,QB,FA,0,-,-,-,-,-,-,-,-,-,-,0,-1,-,-,-,-,-0.3,-1
397,Tyler Bray,QB,FA,-,-,-,-,-,-,-,-,-,-,-,-,-,-,-,-,-2,-2,-2
398,Teddy Bridgewater,QB,DET,-,-,-,-,-,-,BYE,-,-,-,-,-,-,-,-2.3,-,-,-2.3,-2.3
1,Todd Gurley II,RB,FA,20.6,26.6,37.9,34.5,5,13,25.4,-,24.4,19.6,14.6,16.8,21.8,28.5,45,49.6,-,25.6,383.3
5,Melvin Gordon III,RB,FA,18.9,20.8,13.9,3.9,34.3,36,5.4,20.9,-,9.2,14,11.8,14.6,15.3,28.9,21.8,18.4,18,288.1
18,C.J. Anderson,RB,FA,9.8,30.4,6.3,15.2,-,1.7,7.1,9.5,1.3,6.5,11.6,1.2,15,9.3,15.8,28.3,6.1,10.9,175.1
19,Frank Gore,RB,FA,6.2,10.6,12.7,11,11.6,8.7,3.4,14.1,10.7,7.1,-,15.9,6.1,15,9.8,16.6,14.1,10.9,173.6
20,DeMarco Murray,RB,FA,8,3.8,19,5.5,8.9,18.7,10.6,-,6.1,29.2,9.7,13.2,9.9,6.7,7.3,14.9,-,11.4,171.5
23,Javorius Allen,RB,FA,7.1,21.1,7.8,10.4,18.5,9.6,12.9,6.7,19.5,-,2.7,8.7,3.6,19.7,8.4,5.7,3.7,10.4,166.1
29,Bilal Powell,RB,FA,8.9,1.3,9.7,29,7.3,-,10.3,9.1,7.4,2.6,-,5.6,13,3.5,10.4,20.5,6.6,9.7,145.2
31,Isaiah Crowell,RB,FA,10.6,3.7,7.4,3.7,8.7,9.3,11.1,19.8,-,16.5,1.8,11.5,5.4,16.1,10.5,5.3,2.1,9,143.5
35,Orleans Darkwa,RB,FA,2.3,3,4.3,-,14.2,14,7.8,-,9.9,12.8,17,4.9,10.1,6.4,8.6,1,21.4,9.2,137.7
41,Matt Forte,RB,FA,6.6,12.1,2.5,-,-,16.1,13.2,11.2,25.6,-,-,2.6,18.1,5.4,5.4,1.6,-,10,120.4
42,Jonathan Stewart,RB,FA,16.2,4,7.1,4.8,7.4,-0.4,4.8,9.4,-1.9,11,-,8.6,10.5,28.3,4.6,2.8,-,7.8,117.2
44,LeGarrette Blount,RB,FA,11.7,1,12.7,16.6,7.4,8.7,2.9,12.2,3.7,-,5.7,7.7,2.6,4.3,2.1,2.5,5.8,6.7,107.6
55,Andre Ellington,RB,FA,5.5,5.3,13.1,19.4,15.3,0,-,-,3.4,12,-,-,10.2,3.2,-,0,0,7.3,87.4
59,Chris Ivory,RB,FA,6.3,7.8,6.2,5.4,4.1,22.7,8.7,-,13.4,0.6,0.6,-2.6,2.5,4.8,4.2,-,-,6.1,84.7
60,Shane Vereen,RB,FA,14.1,8.5,4.3,3.5,8.5,0.4,3.6,-,4.4,7.8,3.8,3.7,4,7.7,8,0,1.4,5.2,83.7
64,Doug Martin,RB,FA,-,-,-,-,15.2,15.4,10,8.5,0.7,5.1,6.4,3.3,-,11,-,0.7,-0.3,6.9,76
65,Charles Sims,RB,FA,-,0.9,2.3,3.1,8.4,8.5,3.5,0,3.1,12,5.8,5.9,7.1,4.7,4.6,2.9,0.6,4.6,73.4
66,Charcandrick West,RB,FA,9.5,0,3.3,8.5,15.3,1.9,-,1.4,8.3,-,6.4,3.7,-,8.5,0.6,5.8,-,5.6,73.2
67,Alfred Morris,RB,FA,0.1,0,-,7.6,1,-,3.4,0.3,1.1,5.3,9.1,5.9,18.7,11.5,8.1,-,0.1,5.2,72.2
69,Mike Gillislee,RB,FA,22.5,12.9,3.1,4.9,5.2,2.4,3.1,3.4,-,-,-,-,-,-,-,11.3,-,7.6,68.8
70,Kerwynn Williams,RB,FA,8.2,2.2,0.3,1.9,-0.2,1.4,4.7,-,0.6,0,2.8,2.8,9.7,9.8,6.1,8.5,9.1,4.2,67.9
71,Jamaal Charles,RB,FA,2,6.2,12.7,5.7,-,3.1,6.2,3.4,6.4,3.8,0.7,3,10.1,4.2,0,-,-,4.8,67.5
74,Danny Woodhead,RB,FA,6.7,-,-,-,-,-,-,-,-,-,7.3,8.5,4.3,7.6,9.2,9.1,5.9,7.3,58.6
76,Benny Cunningham Jr.,RB,FA,0,-,5.3,2.6,12.7,0,-,1,-,4.2,2.8,1.8,0,3.4,13.3,8.2,1.6,4.1,56.9
78,Mike Tolbert,RB,FA,12.4,1.7,4.1,3.1,6.4,-,4,2.2,4.6,3.5,-,-,-,1.2,-,1.8,5.5,4.2,50.5
79,Jacquizz Rodgers,RB,FA,-,12.7,1.5,12.8,2.5,1.7,2.1,0.6,0,1.2,0.3,4.7,2.5,0,0,0.2,4,2.9,46.8
82,Alfred Blue,RB,FA,-,-,-,1.2,0,0,-,2.1,0,1,-,4.6,1.9,-,5.5,10.8,17.5,4.1,44.6
83,Robert Kelley,RB,FA,3,7.8,-,2.3,-,-,5,7.9,13.8,3.4,-,-,-,-,-,-,-,6.2,43.2
84,Corey Grant,RB,FA,0,1.3,10.3,1.4,0,0,4.6,-,1.8,11.6,0,0,0,-2,12.9,0,0,2.6,41.9
85,Kapri Bibbs,RB,FA,-,-,-,-,-,-,-,-,-,-,-,-,-,-,15.3,7.4,18,13.6,40.7
87,Travaris Cadet,RB,FA,-,-,-,0,0,5.9,-,-,-,-,11.6,7.9,7.1,0.2,4.8,0,-,4.2,37.5
90,Thomas Rawls,RB,FA,-,0.4,0,-,5.5,-,4.2,-0.1,9,5.9,-,0,0.4,0,-,2,4.8,2.7,32.1
91,Tion Green,RB,FA,-,-,-,-,-,-,-,-,-,-,-,-,11.1,1.5,3.5,10.3,5.5,6.4,31.9
92,Tommy Bohanon,RB,FA,7.1,0,1.8,3.4,0,0,2.4,-,1.6,0,0.3,0,0,0,12.2,0,0,1.8,28.8
93,Eddie Lacy,RB,FA,0.3,-,-,5.2,3.8,-,5.3,0,4.4,-,0.2,9.1,0.3,-,-,-,-,3.2,28.6
94,Terrance West,RB,FA,14,12.5,0.6,-0.7,1.7,-,-,-,-,-,-,-,-,-,-,-,-,5.6,28.1
95,Robert Turbin,RB,FA,1.3,2.9,3,6.8,3.9,8,-,-,-,-,-,-,-,-,-,-,-,4.3,25.9
99,Chris Johnson,RB,FA,-,4.4,3.1,9.3,3.9,-,-,-,-,-,-,-,-,-,-,-,-,5.2,20.7
101,Jamize Olawale,RB,FA,-,-,0,3.5,1.3,-,0,6.3,-,-,4.2,0,4.3,0,0,0,0,1.6,19.6
102,Darren Sproles,RB,FA,9.5,7.8,1.1,-,-,-,-,-,-,-,-,-,-,-,-,-,-,6.1,18.4
103,Fozzy Whittaker,RB,FA,0.1,0,1.2,12.4,0,-0.3,-,-,-,-,-,0,0,0,0.3,1.9,1.9,1.5,17.5
104,Jeremy Hill,RB,FA,3.4,2.9,3.9,3.6,1.6,-,0.7,1.1,-,-,-,-,-,-,-,-,-,2.5,17.2
107,Branden Oliver,RB,FA,1,3.1,7.4,1.3,-,-,-,0.3,-,-,-,-,-,-,0,0.9,2.9,2.1,16.9
108,Stevan Ridley,RB,FA,-,-,-,-,-,-,-,-,-,-,-,-,-,-,-,2.8,14,8.4,16.8
109,Cameron Artis-Payne,RB,FA,-,-,-,0,0,0,0,2,0.3,12.8,-,0,0,0,0,0,1.6,1.3,16.7
110,Terron Ward,RB,FA,0,0,-,-,-,0,0,0,0,2.3,5.2,2.2,0,0,5.6,0,0,1.1,15.3
116,De'Angelo Henderson Sr.,RB,FA,0,0,0.1,-,-,-,-,-,-,-,-,-,-,-,-,1.4,11.4,2.6,12.9
117,Byron Marshall,RB,FA,-,-,-,-,-,-,-,-,-,-,0.2,4,8.6,0,-,-,-,3.2,12.8
118,Aaron Ripkowski,RB,FA,0,1.2,0,2,0.2,1,0,-,1.9,2.5,1.6,0.4,0,0,0,1.4,0,0.8,12.2
118,Lance Dunbar,RB,FA,-,-,-,-,-,-,-,-,-,3.1,0,-,0,-,-,-,9.1,3.1,12.2
120,Zach Line,RB,FA,-,-,-,-,-,0,0,0,0.4,0.9,0.2,0,0,0,2.3,0,7.8,1,11.6
124,Akeem Hunt,RB,FA,-,0,0,0,0,0.3,1.1,0,0,-,0.3,0.6,3.2,0,0,0,3.9,0.6,9.4
126,Zach Zenner,RB,FA,-,-,0.5,0,7.1,0,-,-,-,-,0,0.6,0.4,0,-,-,-,1.1,8.6
127,Tre Madden,RB,FA,0,0,0,0,0,-,0.9,7.6,0,-,-,-,-,-,-,-,-,1.1,8.5
129,Matt Dayes,RB,FA,3.6,0,0,0.2,0,0,0,2.5,-,0,1.5,0,0,0,0,0.4,0,0.5,8.2
133,Jay Prosch,RB,FA,0,0,0,0,0,2.8,-,0,1.1,0,0,0,0,0,1.3,0,1.9,0.4,7.1
134,Bobby Rainey,RB,FA,-,-,-,-,-,3.1,2.8,0,1.1,-,-,-,-,-,-,-,-,1.8,7
135,Marcus Murphy,RB,FA,-,-,-,-,-,-,-,-,-,-,-,-,-,-,-,-,6.8,6.8,6.8
136,Jalston Fowler,RB,FA,0,6.3,0,0,0,0,0,-,0,0.1,0,-,-,-,-,-,-,0.6,6.4
137,De'Veon Smith,RB,FA,-,-,-,-,-,-,-,-,-,-,-,-,0,0,0,0,5.7,1.1,5.7
138,Fitzgerald Toussaint,RB,FA,-,-,-,-,-,-,-,-,-,-,-,0,0,0,0.3,0,5.1,0.9,5.4
140,Mack Brown,RB,FA,-,-,2.7,-,-,2.3,0,-,-,-,-,-,-,0,-,-,-,1.3,5
142,Derrick Coleman,RB,FA,0,0,0,2.1,-,0,0,0,1.9,0.8,0,0,0,0,0,0,0,0.3,4.8
144,Ryan Hewitt,RB,FA,0,0,0,2.6,-,-,-,-,0,0,0,0,0,1.6,0,0,0,0.3,4.2
146,Andre Williams,RB,FA,-,-,-,-,0,0,0,-,-,0,0.2,0,0,2.3,-,-,-,0.3,2.5
147,David Fluellen,RB,FA,0,1.8,0,0.3,0,0,0,-,0,0,0,0,0,0,0,0,0,0.1,2.1
149,Matt Jones,RB,FA,-,-,0.3,1.1,-,-,-,0,-,-,-,-,-,-,-,0,0,0.3,1.4
149,LeShun Daniels,RB,FA,-,-,-,-,-,-,-,-,-,-,-,0,0,1.2,0.2,-,-,0.4,1.4
151,Joe Kerridge,RB,FA,-,-,-,-,-,-,-,-,-,-,1.3,0,0,0,-,-,-,0.3,1.3
152,Devante Mays,RB,FA,0,-,0,-,0,-,-,-,-,-,-2.1,-,0,-,0,0,3.2,0.1,1.1
154,Terrell Watson,RB,FA,0,0.1,0.3,0.1,0,0.3,0,0,-,0,0,-,-,-,-,-,-,0.1,0.8
155,John Kuhn,RB,FA,0.2,0,-,-,-,-,-,-,-,-,-,-,-,-,-,-,-,0.1,0.2
156,Justin Davis,RB,FA,0.1,-,0,-,-,-,-,-,-,-,-,0,-,-,-,-,0,0,0.1
157,Jarveon Williams,RB,FA,-,-,-,-,-,-,-,-,-,-,-,-,-,-,0,-,-,0,0
157,Jordan Todman,RB,FA,0,0,0,0,0,-,-,0,0,0,0,0,0,0,0,0,-,0,0
157,Taquan Mizzell,RB,NYG,-,-,-,-,-,-,0,0,-,0,-,-,-,-,-,-,-,0,0
157,Joe Banyard,RB,FA,0,-,-,-,0,-,-,0,-,-,-,-,-,-,-,-,-,0,0
157,Terrence Magee,RB,FA,-,-,-,-,-,-,-,-,-,-,0,0,-,-,-,-,-,0,0
157,Elijah Hood,RB,FA,-,-,-,-,-,-,-,0,-,-,-,-,-,-,-,-,-,0,0
157,Daniel Lasco,RB,FA,-,-,-,-,-,-,0,-,0,0,-,-,-,-,-,-,-,0,0
157,C.J. Spiller,RB,FA,-,-,-,-,-,-,0,-,-,-,-,-,-,-,-,-,-,0,0
157,Tani Tupou,RB,FA,-,-,-,-,-,0,-,-,-,-,-,-,-,-,-,-,-,0,0
157,Shane Smith,RB,FA,0,0,0,-,-,-,-,-,-,0,0,0,0,0,0,0,0,0,0
157,Marquez Williams,RB,FA,-,-,-,-,-,-,-,-,-,-,-,-,-,-,-,-,0,0,0
171,Darren McFadden,RB,FA,-,-,-,-,-,-,-,-,-,-0.2,-,-,-,-,-,-,-,-0.2,-0.2
171,Bronson Hill,RB,FA,-,-,-,-,-,-,-,-,-,-,-,-,-,-,-,-0.2,0,-0.1,-0.2
4,Larry Fitzgerald,WR,FA,13.4,5.1,33.9,13.2,11.1,27.8,5.9,-,12,21.3,24.1,6.2,25.8,9.4,11,27.7,13.5,16.3,261.4
13,Doug Baldwin,WR,FA,10,10.4,26.5,8.5,7.7,-,24.2,11.4,23.8,14.5,12,4,13.4,16.8,1.6,13.5,25,14,223.3
16,Demaryius Thomas,WR,FA,11.7,13.1,15.8,2.1,-,21.3,2.9,11.6,21,15.4,17.4,6.8,4.7,23.3,11.9,9.2,17.7,12.9,205.9
24,Dez Bryant,WR,FA,6.3,18.9,9.2,14.8,16.2,-,19.3,7.9,13.3,7.9,14.3,6.7,17.1,16.3,7.5,5.3,5.4,11.7,186.4
26,Jermaine Kearse,WR,FA,12.9,22.4,7.2,5.7,13.8,11.9,9.9,3.4,5.8,7.5,-,23.5,24.7,1.4,5.8,9.2,10.9,11,176
34,Ted Ginn Jr.,WR,FA,9.8,5.4,13.9,5.4,-,16.9,21.1,8.8,15.9,1.3,13.5,14.1,5.3,2.7,-,19,6.5,10.6,159.6
37,Rishard Matthews,WR,FA,12.1,7.3,20.7,7.9,6.1,10.9,7,-,17,10,22.3,-,-,4.9,21.5,6.8,1.7,11.2,156.2
38,Mike Wallace,WR,FA,1.8,1.7,2,17.5,16.3,6,1.9,-,11.9,-,15.6,9.8,16.6,10.2,14.9,10,15,10.1,151.2
40,Marqise Lee,WR,FA,0,14.6,10.5,3.8,6.9,15,11.2,-,21.5,19.5,9.5,2.3,21.6,11.5,0,-,-,10.6,147.9
46,Jordy Nelson,WR,FA,20.9,0,23.2,23.5,10.4,12,2.3,-,7.5,5,4.4,4.1,6.7,7.3,5.8,4.1,-,9.1,137.2
47,Kelvin Benjamin,WR,FA,3.5,13.7,2.8,14.4,15.8,18.9,9.5,12.9,-,7.2,3,-,-,12.8,4,12,4.7,9.7,135.2
52,Kendall Wright,WR,FA,6.4,13.9,0,15.1,8.6,5.6,0,4.3,-,9.6,4.5,3.5,4.5,20.7,15.1,6.7,7.9,7.9,126.4
54,Brandon LaFell,WR,FA,5.4,7,1.5,3.7,8.2,-,12.8,8.4,4.8,21.5,6.7,6.3,9.5,11.4,7.3,4.8,5.5,7.8,124.8
58,Eric Decker,WR,FA,4,6.2,8.9,3.3,7.4,15.8,0,-,11.1,3.9,6.7,5.3,5.7,8.6,11.3,13.3,4.8,7.3,116.3
62,Terrance Williams,WR,FA,12.8,5.7,7.7,7.4,3.4,-,0,5.6,23.1,1.9,7.5,10,4.1,5.5,4.9,8.3,3.4,7,111.3
64,Deonte Thompson,WR,FA,2.5,15.7,1.9,9.4,0,-,14.7,1.5,21.1,1.5,6.6,1.6,4.1,4.4,2.6,13.1,4.3,6.6,105
65,Jaron Brown,WR,FA,0,11.3,10.7,18.5,6.9,4,5.7,-,7.3,3.3,3.2,12.2,0,3.5,1.9,4.7,9.5,6.4,102.7
66,Jeremy Maclin,WR,FA,13.6,13.1,1.8,5.1,10.3,-,-,14.3,17.8,-,7.4,1.6,8.1,5.7,3.2,-,-,8.5,102
73,Torrey Smith,WR,FA,4,10.6,6.9,1.9,15.7,1.6,0,0,2.1,-,11.8,7,7.9,16,3.7,1.5,0,5.7,90.7
74,Seth Roberts,WR,FA,8.9,0,4,8.9,5.4,6.5,2.5,-,4.8,-,6.6,4.6,9.6,5.4,8.2,5.3,9.8,6,90.5
75,Pierre Garcon,WR,FA,14.1,5.6,21.2,7.6,17.4,10.5,9.9,3.7,-,-,-,-,-,-,-,-,-,11.3,90
76,Roger Lewis,WR,FA,9.4,3.3,1.6,0,9.9,2.5,2.2,-,1.4,12.3,8.5,5.6,1.9,11.6,11.4,8,-,6,89.6
79,T.J. Jones,WR,FA,5.2,0,9.3,8.3,3.2,6.3,-,12.8,4.9,1.2,9.5,0,0,5.6,11.6,-,-,5.6,77.9
81,Bruce Ellington,WR,FA,0,-,15.8,8.7,5,4.2,-,2.3,5.2,14.1,12.8,5.9,1.7,-,-,-,-,6.9,75.7
83,Brandon Coleman,WR,FA,3.3,18.2,8.1,4.1,-,4.3,11.1,6.4,1.7,4,1.6,0,4.8,5.2,0.6,0,0,4.6,73.4
88,Josh Bellamy,WR,FA,5.7,9.1,0,6.6,0,0,0,0,-,13.7,0,-,1.4,7.2,12,7.9,4.6,4.5,68.2
92,Brice Butler,WR,FA,4,2.8,17,9.2,7.7,-,0,0,1.6,4,3.9,1.5,0,-,-,-,13,5,64.7
93,Ricardo Louis,WR,FA,5.2,4.7,2,11.4,12.1,5.5,5.1,6.2,-,3.5,2.5,0,0,0,0,4.5,0,3.9,62.7
94,Cody Latimer,WR,FA,0,4.2,0,-,-,-,-,3.5,7.1,5.8,3.1,13.8,1.5,5.7,17,-,-,5.6,61.7
95,Tavarres King,WR,FA,-,-,-,-,-,1.7,0.3,-,12.3,5.3,7.8,5.6,6.3,-,21,-,-,7.5,60.3
99,Kenny Britt,WR,FA,2.3,1.2,14.4,8.2,-,-,2.7,-,-,11.8,2.5,7.2,3,-,1.7,2.6,0,4.8,57.6
102,Aldrick Robinson,WR,FA,1.7,0,4.3,8.2,1.5,14.6,2.5,0,3.8,2.2,-,1.8,0,4.7,1.3,2.2,8.2,3.6,57
104,Terrelle Pryor Sr.,WR,FA,12.6,5.1,3.9,16,-,5.3,3.4,0,3.7,0,-,-,-,-,-,-,-,5.6,50
105,Jarius Wright,WR,FA,3.1,1.9,8.9,0,0,0,8.4,0,-,7.7,3.3,4.5,4.8,3.3,2.1,1.8,0,3.1,49.8
107,Michael Campanaro,WR,FA,0.2,0.5,2,6.5,1.8,5.4,8,-,-,-,0,-,0,1.8,2.7,11,6.6,3.6,46.5
109,Jeremy Kerley,WR,FA,-,4.4,9.2,8.7,7.9,14.1,1.7,-0.3,0,-,-,-,-,-,-,-,-,5.7,45.7
110,Russell Shepard,WR,FA,13.3,1.6,0,2.3,3.5,3.2,4,2.4,1.1,7,-,0,5.9,0.8,0,-,0,3,45.1
111,Johnny Holton,WR,FA,0,0,0,13.4,0,0,0,0,11.4,-,0,7.3,10.9,1.8,0,0,0,2.8,44.8
114,Andre Holmes,WR,FA,7.1,3.8,8.6,2,0,-,3.1,14.1,2.6,0,1.7,0,0,0,0,-,-,3.1,43
118,Braxton Miller,WR,FA,0,3,2.5,-,-,7.5,-,0,-,0.1,3.4,9.3,11.1,-,-,1.5,2.9,3.8,41.3
119,De'Anthony Thomas,WR,FA,1.2,0,2.4,0,8,15.1,1.2,0,7.1,-,3.1,0,0,0,2.6,0,0,2.5,40.7
120,Laquon Treadwell,WR,FA,1.7,6.3,1.2,0,0,8.1,5.8,3.1,-,0,3,0,1.9,4.3,0,0,4.6,2.5,40
121,Eli Rogers,WR,FA,3.1,8.3,-2,-,-,0,2,0,-,1.2,0,5.1,1.4,6.3,8.8,1.6,1.1,2.6,36.9
123,Damiere Byrd,WR,FA,0,0,0,1.2,-,-,-,-,-,-,-,-,2.2,8.7,17.5,4.1,-,4.2,33.7
124,Brandon Marshall,WR,FA,2,2.7,14.6,10.6,3.5,-,-,-,-,-,-,-,-,-,-,-,-,6.7,33.4
128,Kamar Aiken,WR,FA,1.3,6.1,1.9,1.4,4.2,4.1,2.8,5.3,0,-,-,0,0,0,0,0,1.2,1.9,28.3
130,Jordan Taylor,WR,FA,-,-,-,0,-,5.6,1.7,1.8,-,-,2.4,0,-,0,0,3.2,12.5,2.7,27.2
132,Louis Murphy,WR,FA,-,-,-,-,-,-,-,-,-,6.8,-,9.4,2.6,3,0,2.7,1.6,3.7,26.1
133,Tre McBride III,WR,FA,-,0,-,-,2.8,0,0,12.2,-,0,3.4,4,-,-,-,-,-,2.8,22.4
135,Brenton Bersin,WR,FA,-,-,-,-,-,-,-,-,0,2.2,-,0,2.8,2.7,0,7.5,5.6,2.6,20.8
137,Brandon Tate,WR,FA,0,-,0,-,10.5,-,0,3.4,-,0,1.7,0,0,0,3.1,1.4,0,1.5,20.1
140,Travis Rudolph,WR,FA,-,-,-,-,-,0,6.2,-,0,-,6.4,0,-,-,-,1.6,3.9,2.6,18.1
142,Michael Floyd,WR,FA,-,-,-,-,2.9,1.5,-,1.7,-,0,3.6,1.8,4,1.3,0,1,0,1.6,17.8
144,Kasen Williams,WR,FA,0,-,2,0,7.3,8.1,0,0,-,-,-,-,-,-,-,-,-,2.5,17.4
145,ArDarius Stewart,WR,FA,3,0,3.4,0,1.2,1.8,0,-,0,1.4,-,0,0.5,0,0,0,5.6,1.1,16.9
146,Hunter Sharp,WR,FA,-,-,-,-,-,-,0,-,-,-,-,-,-,-,-,4.5,11.9,5.5,16.4
147,Maurice Harris,WR,FA,-,-,-,-,-,-,-,-,-,13,0,3.2,0,-,0,-,0,2.7,16.2
148,Darrius Heyward-Bey,WR,FA,0,0,0,0.3,0,0,5.4,0,-,0,0,0,0,0,1.3,0,8.9,1,15.9
149,Kaelin Clay,WR,FA,-,0,3.8,0,0,-,-,0,0,1.5,-,2.9,0.3,0,0,4.4,2.3,1.2,15.2
151,Amara Darboh,WR,FA,0,2.6,0,3,0,-,4.9,0,0,1.3,0,0,0,0,1.8,0,1.5,0.9,15.1
152,Freddie Martino,WR,FA,-,-,-,-,-,-,-,-,-,0,0,0,0,2.9,2.1,7.7,1.9,1.8,14.6
155,Leonte Carroo,WR,FA,-,0,0,0,0,0,3.1,10.8,0,0,-,0,0,0,0,0,-,1,13.9
156,Brian Quick,WR,FA,2.1,0,0,-,-,0,0,-,7.9,-,-,0,-,1.7,0,1.9,0,1.2,13.6
157,Chris Thompson,WR,FA,-,-,-,0,2.9,0,-,0,0,0,0,0,2.1,0,0,0,8.4,1,13.4
158,Trevor Davis,WR,FA,0,1.9,0,0,0,0,0,-,2.4,0,0,0.4,0,0,0,0,8.6,0.8,13.3
159,Sammie Coates,WR,FA,0,0,-,-,0,2.1,0,3.3,-,5.8,0,-,-,0,1.8,0,0,1.1,13
160,Jaelen Strong,WR,FA,-,0,-,-,-,-,-,-,-,-,-,-,-,-,-,12.8,-,6.4,12.8
161,Justin Hunter,WR,FA,-,-,-,1.5,1.6,-,-,1.7,-,-,-,0,-,0,-,7.5,0,1.8,12.3
162,Tanner McEvoy,WR,FA,0,0,0,0,-2,-,0,6.3,2,0,0,5.1,0,0,0.9,0,-,0.8,12.3
163,Brittan Golden,WR,FA,0,3.9,3.1,0,0,0,5,-,0,0,0,-,0,0,0,-,-,0.9,12
164,Bryce Treggs,WR,FA,-,-,-,-,4.8,3,3.5,0.2,-,0,-,0,-,-,-,-,-,1.9,11.5
165,Bobo Wilson,WR,FA,-,-,-,-,-,-,-,-,-,-,-,-,0.4,-,-,8.8,0.4,3.2,9.6
168,Markus Wheaton,WR,FA,-,-,0,0,1.9,-,-,-,-,0,0,0,0,0,6.2,0,0,0.7,8.1
168,Michael Clark,WR,FA,-,-,-,-,-,-,-,-,-,-,-,-,-,-,-,6.6,1.5,4.1,8.1
171,Jared Abbrederis,WR,FA,-,-,0,0,5.7,1.7,-,0,0,0,-,-,-,-,-,-,-,1.1,7.4
173,Quan Bray,WR,FA,0,0,3.2,0,0,0,3.7,0,0,-,-,-,-,-,-,-,-,0.8,6.9
175,Griff Whalen,WR,FA,-,-,-,-,-,-,6.3,0,-,-,-,-,-,-,-,-,-,3.2,6.3
176,Vince Mayle,WR,FA,0,0,0,0,6.2,0,0,0,0,-,0,0,0,0,0,0,0,0.4,6.2
178,Bernard Reedy,WR,FA,-,0,1.9,0,0,0.4,1,0,2.5,0,-,-,0,0,-,-,-,0.5,5.8
179,Chris Matthews,WR,FA,0,0,1.8,2.2,0,1.5,-,-,-,-,-,-,-,-,-,-,-,0.9,5.5
182,Jehu Chesson,WR,FA,0,-,-,-,-,0,0,0,2,-,0,0,0,0,0,0,1.8,0.3,3.8
183,Jordan Leslie,WR,FA,-,-,3.6,0,-,-,-,-,-,-,-,-,-,-,-,-,-,1.8,3.6
185,Darius Powe,WR,FA,-,-,-,-,-,-,-,-,-,-,-,-,-,3.3,-,-,-,3.3,3.3
187,Jeff Janis,WR,FA,0,0,0,0,0,0,0,-,0,0,0,0,0,0,0,2.2,1,0.2,3.2
188,Shelton Gibson,WR,FA,-,-,-,-,-,-,-,-,-,-,-,0,0,0,0,-,3.1,0.6,3.1
191,Arrelious Benn,WR,FA,2.2,0,0,0,0,0,0,-,0,0,-,-,-,-,-,-,-,0.2,2.2
192,Cobi Hamilton,WR,FA,-,-,-,-,-,-,-,-,-,-,-,-,-,-,0,0,1.8,0.6,1.8
192,Harry Douglas,WR,FA,-,-,-,-,-,-,-,-,-,-,-,1.8,0,-,-,-,-,0.9,1.8
194,Larry Pinkard,WR,FA,-,-,-,-,-,-,-,-,-,-,0,0,0,1.5,-,-,-,0.4,1.5
194,Eric Weems,WR,FA,0,0,0,0,0,0,1.5,-,0,0,0,0,0,0,0,0,0,0.1,1.5
196,Max McCaffrey,WR,FA,-,0,0,0,1.4,0,-,-,-,-,-,-,-,-,-,-,-,0.3,1.4
197,Charone Peake,WR,FA,0,1.3,0,-,-,-,-,-,-,-,-,-,-,-,-,-,-,0.4,1.3
198,Matt Hazel,WR,FA,1.1,-,0,-,-,-,-,-,-,0,-,0,-,-,-,-,-,0.3,1.1
201,Geremy Davis,WR,FA,0,-,-,-,-,-,-,-,-,-,-,-,0,-,-,-,-,0,0
201,Quincy Adeboyejo,WR,FA,-,-,-,-,-,-,-,-,-,-,-,-,-,-,-,-,0,0,0
201,Marquis Bundy,WR,FA,-,-,-,-,-,-,-,-,-,-,-,-,-,-,-,-,0,0,0
201,Mose Frazier,WR,FA,-,-,-,-,-,-,-,-,-,-,-,-,-,-,-,0,-,0,0
201,Robert Davis,WR,FA,-,-,-,-,-,-,-,-,-,-,-,-,-,-,-,0,-,0,0
201,Andy Jones,WR,FA,0,-,-,-,-,-,-,-,-,-,-,-,-,-,-,0,0,0,0
201,Austin Carr,WR,FA,-,-,-,0,-,-,-,-,-,-,-,-,-,-,-,-,-,0,0
201,James Wright,WR,FA,0,0,0,0,0,0,0,0,-,0,0,0,0,0,0,0,0,0,0
201,Isaac Whitney,WR,FA,-,-,-,-,-,-,-,-,-,-,-,-,0,-,0,-,-,0,0
201,Jace Billingsley,WR,FA,-,-,-,-,-,-,-,0,0,-,-,-,-,-,-,-,-,0,0
201,K.J. Brent,WR,FA,-,-,-,-,-,-,-,-,-,-,-,-,0,0,0,0,0,0,0
201,Rashawn Scott,WR,FA,-,-,-,-,-,-,-,-,-,-,0,-,-,-,-,-,-,0,0
201,Ed Eagan,WR,FA,-,-,-,-,-,0,0,-,0,0,-,-,-,-,-,-,-,0,0
201,Brandon Banks,WR,FA,-,-,-,-,-,-,-,-,-,0,-,-,-,-,-,-,-,0,0
201,Stacy Coley,WR,FA,0,-,-,-,-,0,0,0,-,-,-,-,-,-,-,-,-,0,0
201,Bradley Marquez,WR,FA,-,-,-,-,-,-,-,-,-,-,-,-,-,-,-,-,0,0,0
3,Zach Ertz,TE,FA,17.3,14.7,17.5,13.1,18.1,15.8,19.9,13.4,-,-,2.8,26.3,4.4,-,17.6,17.1,4.4,14.5,202.4
4,Delanie Walker,TE,FA,14.6,16.2,7.1,8.1,5.5,5.4,11.3,-,12.1,12.3,15.2,16.3,17.3,9.2,12.7,6.3,4.9,10.9,174.5
18,Charles Clay,TE,FA,15.3,5.3,15.9,16.2,5.1,-,-,-,-,3.3,5.7,10,5,3.1,11.8,7.7,12.4,9,116.8
20,Austin Seferian-Jenkins,TE,FA,-,-,8.1,8.6,14.9,16.6,11.1,7.8,4,12.7,-,4.7,2.7,1.1,3.3,6.1,-,7.8,101.7
23,Julius Thomas,TE,FA,-,5.6,4.6,4.9,2.5,5.2,8.8,2.2,20.4,8.8,7,10.2,11,3.1,3.5,-,-,7,97.8
27,Ed Dickson,TE,FA,0,4.6,1.8,9.2,22.5,7.6,4.8,6.4,0,12.3,-,2.5,3.8,0,0,0,4.2,5,79.7
28,Antonio Gates,TE,FA,3.7,9.1,5,4.8,4.3,2.6,1.4,4.5,-,1.3,0,0,6.2,0,8,20.1,8.6,5,79.6
29,Garrett Celek,TE,FA,0,1.6,7.1,0,1.6,2.3,2.1,3.4,2.3,16.7,-,2.7,5,14.7,15.3,0,3.8,4.9,78.6
30,Jermaine Gresham,TE,FA,4.5,-,9.7,3.2,3.6,5.2,2.8,-,10.3,17.4,2,3.3,3.7,4.7,-,1.4,5.4,5.5,77.2
31,Seth DeValve,TE,FA,8.2,8.1,4.9,1.2,5.4,8.9,4.7,1,-,9,1.5,5.3,5.3,3.6,5.2,4.2,0,4.8,76.5
34,Coby Fleener,TE,FA,16.4,12.3,3.1,4.1,-,0,4.2,0.9,6.6,0,14.1,1.8,-,-,-,-,-,5.8,63.5
37,Rhett Ellison,TE,FA,1.9,4.1,0,9.1,1.9,0,0,-,4.1,0,1.7,1.9,1.5,12,0,10,11.3,3.7,59.5
38,Martellus Bennett,TE,FA,7.3,9.7,4.2,9.9,8.3,4.2,3.7,-,-,6.8,4.5,-,-,-,-,-,-,6.5,58.6
39,Zach Miller,TE,FA,7.9,10.2,2.7,6.5,12.9,10.5,4.9,0,-,-,-,-,-,-,-,-,-,7,55.6
40,A.J. Derby,TE,FA,6.4,0,1.5,17.5,-,2,10.6,10.1,2.1,1.2,-,-,-,-,-,2.1,1.9,5,55.4
48,Lance Kendricks,TE,FA,3.8,0,13.2,1,3.4,0,0,-,5.2,1.9,1.5,0,2.1,3.1,1.5,7.6,0,2.8,44.3
52,Dion Sims,TE,FA,5.1,0,0,1.8,2.7,12.2,0,4.5,-,-,-,0.7,1.5,5.2,1.9,3.4,0,2.8,39
55,Jeff Heuerman,TE,FA,3,2.5,0,0,-,10.4,0,2.1,0,1.4,-,-,0,1.5,12.4,0,1.9,2.5,35.2
58,Brent Celek,TE,FA,2.1,0,0,0,1.5,0,1.3,2.4,6.9,-,3.8,0,0,7.5,0,2.2,4.3,2,32
61,Troy Niklas,TE,FA,0,2.6,2,0,0,10,0,-,2.6,0,0,4.2,0,1.7,7.1,-,0,2,30.2
63,Anthony Fasano,TE,FA,-,0,0,0,0,0,11.5,3.1,2.9,0,0,0,3.9,2.7,3.5,0,1.1,1.8,28.7
65,C.J. Fiedorowicz,TE,FA,8.6,-,-,-,-,-,-,-,-,3,3.8,7.7,3.6,-,-,-,-,5.3,26.7
68,David Morgan II,TE,FA,0,0,0,0,0,0,0,5.8,-,7.1,1.5,0,0,-,0,4.6,6.5,1.7,25.5
70,Brandon Williams,TE,FA,0,3,1.7,4.2,4.7,0,1.6,0,4,0,-,0,3.1,2.8,0,-,-,1.8,25.1
71,Dwayne Allen,TE,FA,0,0,0,0,0,0,0,0,-,8.1,4.4,1.2,1.3,3,2,4.6,0,1.5,24.6
72,Niles Paul,TE,FA,0,0,0.7,0,-,-0.1,4.2,0,-,-,3.6,4.6,4.2,2.5,2.1,0,1,1.6,22.8
74,James Hanna,TE,FA,0,0,0,9.8,0,-,0,0,0,0,0,0,0,2.6,4.1,0,2.3,1.2,18.8
75,Austin Traylor,TE,FA,-,-,-,-,-,-,-,-,-,-,7.6,4.4,3.6,0,0,2.4,0,2.6,18
76,Michael Hoomanawanui,TE,FA,0,1.8,0,2.3,-,10.7,0,0,0,1.4,0,0,1,0,0,-,-,1.2,17.2
78,Clive Walford,TE,FA,0,1.7,0.9,0,0,0,0,0,0,-,1.4,0,9.7,3.3,-,-,-,1.3,17
82,Xavier Grimble,TE,FA,0,0,0,0,0,-,2.2,0,-,0,0,7.1,1.9,0,1.8,0,1.2,0.9,14.2
83,Neal Sterling,TE,FA,-,1.8,0,0,-,-,-,-,0,0,-,0,0,0,0,0,12.4,1.3,14.2
84,Phillip Supernaw,TE,FA,0,0,1.3,0,9.6,0,0,-,0,0,0,0,3,0,0,0,0,0.9,13.9
86,Ben Koyack,TE,FA,0,0,0,0,0,3.1,1.7,-,0,0,0,0,0,0,1,5,0,0.7,10.8
87,Alan Cross,TE,FA,-,1.6,1.5,0,-,-,-,-,-,-,-,-,2.3,0,3.3,0,2.1,1.4,10.8
90,Michael Roberts,TE,FA,0,0,0,2.5,0,0,-,0,0,0,0,0,3.3,2.8,0,0,-,0.6,8.6
90,Sean McGrath,TE,FA,-,2,0,0,0,0,0,0,-,0,2,0,0,0,0,4.6,0,0.6,8.6
93,Will Tye,TE,FA,6.4,1.4,0,-,-,-,-,-,-,-,-,-,-,-,-,-,-,2.6,7.8
94,Orson Charles,TE,FA,-,-,-,-,-,-,-,-,-,-,-,-,0,0,2.8,4.5,0,1.5,7.3
96,Randall Telfer,TE,FA,0,3,1.4,0,0,0,0,0,-,0,0,0,0,2.2,0,0,0,0.4,6.6
97,Ifeanyi Momah,TE,FA,0,5.6,0,0,0,0,0,-,0,0,-,-,-,-,-,-,-,0.6,5.6
99,Emanuel Byrd,TE,FA,-,-,-,-,-,-,-,-,-,-,-,-,-,-,-,-,5.1,5.1,5.1
103,Cole Hikutini,TE,FA,-,-,-,-,-,0,1.5,2,0,-,-,-,-,-,-,-,-,0.9,3.5
104,MarQueis Gray,TE,FA,-,0,0,0,0,0,0,0,0.3,0,0,0,0,2.2,0.7,0,0.2,0.2,3.4
105,Jeff Cumberland,TE,FA,-,-,-,-,-,-,-,-,-,-,1.2,0,0,1,0,0,0,0.3,2.2
107,Ryan Malleck,TE,FA,-,-,-,-,-,-,-,-,-,-,-,-,-,-,-,1.3,0,0.7,1.3
108,Gabe Holmes,TE,FA,-,-,-,-,-,-,-,-,-,-,-,-,-,-,0,0,-,0,0
108,Kyle Carter,TE,FA,-,-,-,-,-,-,-,-,-,-,-,-,-,-,0,0,0,0,0
108,Logan Paulsen,TE,FA,0,0,0,0,0,0,0,-,-,0,-,0,0,0,0,0,0,0,0
108,John Phillips,TE,FA,-,-,-,-,-,-,-,-,-,-,-,-,-,-,-,0,-,0,0
108,Hakeem Valles,TE,FA,-,-,-,-,-,-,-,-,-,-,-,-,-,-,-,-,0,0,0
108,Ryan O'Malley,TE,FA,-,-,-,-,-,-,-,-,-,-,-,-,-,-,-,-,0,0,0
108,Matt Lengel,TE,FA,-,-,-,-,-,-,-,-,-,-,-,-,-,-,-,0,-,0,0
108,Jason Vander Laan,TE,FA,-,-,-,-,-,-,-,-,-,-,-,0,0,0,0,-,-,0,0
108,Ben Braunecker,TE,FA,-,-,-,-,-,-,-,-,-,0,0,0,0,0,0,0,0,0,0
108,Gavin Escobar,TE,FA,-,-,-,-,-,-,-,0,0,-,-,-,-,-,-,-,-,0,0
108,Khari Lee,TE,FA,-,-,-,-,-,-,0,0,0,-,0,0,0,-,-,0,0,0,0
108,Henry Krieger-Coble,TE,FA,-,-,-,-,0,-,-,-,-,-,-,-,-,-,-,-,-,0,0
108,Jim Dray,TE,FA,-,0,-,-,-,-,-,-,-,-,-,-,-,-,-,-,-,0,0
23,Eli Manning,QB,FA,6.7,11.6,22.6,27.7,13,9.1,7.4,-,12.8,16.9,8.7,2.4,-,9.1,27.4,5,6.9,12.5,187.3
27,Jay Cutler,QB,FA,-,13.1,11.7,5.1,6.5,11.9,11.5,-,24.4,14.4,1.4,-,13.5,22.9,5.8,15.3,0.2,11.3,157.8
31,Brett Hundley,QB,FA,-,-,-,0,-,4.6,11.9,-,18,14.1,3.5,22.4,8,25.7,-,6,9.4,11.2,123.4
32,Carson Palmer,QB,FA,8.9,15.9,21.7,16.4,15.6,20.9,2.9,-,-,-,-,-,-,-,-,-,-,14.6,102.3
34,Jimmy Garoppolo,QB,LV,-,-,-,-,-,-,-,-,-,-,-,5.1,10.5,15.1,18.6,22,15.6,14.5,86.9
36,Brock Osweiler,QB,FA,-,-,-,-,-,0.6,-,-,8.3,10.7,14.6,-,-,-,25.3,8.4,-,11.3,67.9
39,Tom Savage,QB,FA,-1.5,-,-,0,-,-,-,-,10.8,4.8,13.5,4.1,16.5,2.5,-,-,-,6.3,50.7
42,T.J. Yates,QB,FA,-,-,-,-,-,-,-,-,-,-,-,-,-,18.1,7.1,4.4,4.4,8.5,34
46,Sam Bradford,QB,FA,25.5,-,-,-,1.4,-,-,-,-,-,-,-,-,-,-,-,-,13.5,27
47,Bryce Petty,QB,FA,-,-,-,-,-,-,-,-,-,-,-,-,-,1.3,8.8,6.1,9.2,6.3,25.3
48,David Fales,QB,FA,-,-,-,-,-,-,-,-,-,-,-,-,0,-,-,-,19.4,9.7,19.4
49,Paxton Lynch,QB,FA,-,-,-,-,-,-,-,-,-,-,-,1.3,-,-,-,-,13.5,7.4,14.8
50,E.J. Manuel,QB,FA,-,-,-,2.2,11.9,-,-,-,-,-,-,-,-,-,-,-,-,7.1,14.1
53,Ryan Mallett,QB,FA,-,-,5.4,-,-,-,-,4.5,-,-,0,-,-,-,-,-,-,3.3,9.9
55,Landry Jones,QB,FA,-,-,-,-,-,-,-,-,-,-,-0.3,-,-,-,-,-0.1,9,2.9,8.6
57,Sean Mannion,QB,FA,-0.2,-,-,-,-,-,-0.1,-,-0.1,-,-,-,-,-,0.5,-,5.2,1,5.2
59,Cody Kessler,QB,FA,-,-,-,-,-,-,2.7,-,-,0.2,-,0,-,-,-,-,-,1,2.9
61,Matt Cassel,QB,FA,-,-,-,-5.2,7.6,-,-,-,-,-,-,-,-,-,-,-,-,1.2,2.5
63,Scott Tolzien,QB,FA,1.3,-,-,-,-,-,-,-,-,-,-,-,-,-,-,-,-,1.3,1.3
65,Derek Anderson,QB,FA,-,-,0.7,-,-,-,-,-,-,-0.2,-,-,-,-,-,0,-,0.2,0.5
66,Joe Callahan,QB,FA,-,-,-,-,-,-,-,-,-,-,-,-,-,-,-,-,0.4,0.4,0.4
67,Darius Hillary,QB,FA,-,-,-,-,-,-,-,-,-,-,-,-,-,0,-,-,-,0,0
69,Austin Davis,QB,FA,-,-,-,-,-,-,-0.1,-,-,0,-,-,-,-,0,-,-,0,-0.1
73,Kellen Clemens,QB,FA,-,-,-,-,-,-,-,-,-,0,1,0,0,-1.9,0,0,-0.2,-0.1,-1.1
75,Teddy Bridgewater,QB,FA,-,-,-,-,-,-,-,-,-,-,-,-,-,-,-2.3,-,-,-2.3,-2.3
